timestamp_ms,elapsed_s,channel,signal_name,value,unit
1782295570314,0.007,kvaser:Channel 0,STEER_TORQUE_SENSOR,0,tbd
1782295570314,0.007,kvaser:Channel 0,STEER_ANGLE_RATE,0,deg/s
1782295570314,0.007,kvaser:Channel 0,STEER_STATUS,0,
1782295570314,0.007,kvaser:Channel 0,STEER_CONTROL_ACTIVE,0,
1782295570314,0.007,kvaser:Channel 0,STEER_CONFIG_INDEX,14,
1782295570314,0.007,kvaser:Channel 0,COUNTER,0,
1782295570314,0.007,kvaser:Channel 0,CHECKSUM,0,
1782295570340,0.033,kvaser:Channel 0,STEER_TORQUE_SENSOR,0,tbd
1782295570340,0.033,kvaser:Channel 0,STEER_ANGLE_RATE,0,deg/s
1782295570340,0.033,kvaser:Channel 0,STEER_STATUS,0,
1782295570340,0.033,kvaser:Channel 0,STEER_CONTROL_ACTIVE,0,
1782295570340,0.033,kvaser:Channel 0,STEER_CONFIG_INDEX,14,
1782295570340,0.033,kvaser:Channel 0,COUNTER,0,
1782295570340,0.033,kvaser:Channel 0,CHECKSUM,0,
1782295570357,0.050,kvaser:Channel 0,STEER_TORQUE_SENSOR,0,tbd
1782295570357,0.050,kvaser:Channel 0,STEER_ANGLE_RATE,0,deg/s
1782295570357,0.050,kvaser:Channel 0,STEER_STATUS,0,
1782295570357,0.050,kvaser:Channel 0,STEER_CONTROL_ACTIVE,0,
1782295570357,0.050,kvaser:Channel 0,STEER_CONFIG_INDEX,14,
1782295570357,0.050,kvaser:Channel 0,COUNTER,0,
1782295570357,0.050,kvaser:Channel 0,CHECKSUM,0,
1782295570378,0.071,kvaser:Channel 0,STEER_TORQUE_SENSOR,0,tbd
1782295570378,0.071,kvaser:Channel 0,STEER_ANGLE_RATE,0,deg/s
1782295570378,0.071,kvaser:Channel 0,STEER_STATUS,0,
1782295570378,0.071,kvaser:Channel 0,STEER_CONTROL_ACTIVE,0,
1782295570378,0.071,kvaser:Channel 0,STEER_CONFIG_INDEX,14,
1782295570378,0.071,kvaser:Channel 0,COUNTER,0,
1782295570378,0.071,kvaser:Channel 0,CHECKSUM,0,
1782295570404,0.097,kvaser:Channel 0,STEER_TORQUE_SENSOR,0,tbd
1782295570404,0.097,kvaser:Channel 0,STEER_ANGLE_RATE,0,deg/s
1782295570404,0.097,kvaser:Channel 0,STEER_STATUS,0,
1782295570404,0.097,kvaser:Channel 0,STEER_CONTROL_ACTIVE,0,
1782295570404,0.097,kvaser:Channel 0,STEER_CONFIG_INDEX,14,
1782295570404,0.097,kvaser:Channel 0,COUNTER,0,
1782295570404,0.097,kvaser:Channel 0,CHECKSUM,0,
1782295570430,0.123,kvaser:Channel 0,STEER_TORQUE_SENSOR,0,tbd
1782295570430,0.123,kvaser:Channel 0,STEER_ANGLE_RATE,0,deg/s
1782295570430,0.123,kvaser:Channel 0,STEER_STATUS,0,
1782295570430,0.123,kvaser:Channel 0,STEER_CONTROL_ACTIVE,0,
1782295570430,0.123,kvaser:Channel 0,STEER_CONFIG_INDEX,14,
1782295570430,0.123,kvaser:Channel 0,COUNTER,0,
1782295570430,0.123,kvaser:Channel 0,CHECKSUM,0,
1782295570447,0.140,kvaser:Channel 0,STEER_TORQUE_SENSOR,0,tbd
1782295570447,0.140,kvaser:Channel 0,STEER_ANGLE_RATE,0,deg/s
1782295570447,0.140,kvaser:Channel 0,STEER_STATUS,0,
1782295570447,0.140,kvaser:Channel 0,STEER_CONTROL_ACTIVE,0,
1782295570447,0.140,kvaser:Channel 0,STEER_CONFIG_INDEX,14,
1782295570447,0.140,kvaser:Channel 0,COUNTER,0,
1782295570447,0.140,kvaser:Channel 0,CHECKSUM,0,
1782295570468,0.161,kvaser:Channel 0,STEER_TORQUE_SENSOR,0,tbd
1782295570468,0.161,kvaser:Channel 0,STEER_ANGLE_RATE,0,deg/s
1782295570468,0.161,kvaser:Channel 0,STEER_STATUS,0,
1782295570468,0.161,kvaser:Channel 0,STEER_CONTROL_ACTIVE,0,
1782295570468,0.161,kvaser:Channel 0,STEER_CONFIG_INDEX,14,
1782295570468,0.161,kvaser:Channel 0,COUNTER,0,
1782295570468,0.161,kvaser:Channel 0,CHECKSUM,0,
1782295570494,0.187,kvaser:Channel 0,STEER_TORQUE_SENSOR,0,tbd
1782295570494,0.187,kvaser:Channel 0,STEER_ANGLE_RATE,0,deg/s
1782295570494,0.187,kvaser:Channel 0,STEER_STATUS,0,
1782295570494,0.187,kvaser:Channel 0,STEER_CONTROL_ACTIVE,0,
1782295570494,0.187,kvaser:Channel 0,STEER_CONFIG_INDEX,14,
1782295570494,0.187,kvaser:Channel 0,COUNTER,0,
1782295570494,0.187,kvaser:Channel 0,CHECKSUM,0,
1782295570515,0.208,kvaser:Channel 0,STEER_TORQUE_SENSOR,0,tbd
1782295570515,0.208,kvaser:Channel 0,STEER_ANGLE_RATE,0,deg/s
1782295570515,0.208,kvaser:Channel 0,STEER_STATUS,0,
1782295570515,0.208,kvaser:Channel 0,STEER_CONTROL_ACTIVE,0,
1782295570515,0.208,kvaser:Channel 0,STEER_CONFIG_INDEX,14,
1782295570515,0.208,kvaser:Channel 0,COUNTER,0,
1782295570515,0.208,kvaser:Channel 0,CHECKSUM,0,
1782295570537,0.230,kvaser:Channel 0,STEER_TORQUE_SENSOR,0,tbd
1782295570537,0.230,kvaser:Channel 0,STEER_ANGLE_RATE,0,deg/s
1782295570537,0.230,kvaser:Channel 0,STEER_STATUS,0,
1782295570537,0.230,kvaser:Channel 0,STEER_CONTROL_ACTIVE,0,
1782295570537,0.230,kvaser:Channel 0,STEER_CONFIG_INDEX,14,
1782295570537,0.230,kvaser:Channel 0,COUNTER,0,
1782295570537,0.230,kvaser:Channel 0,CHECKSUM,0,
1782295570557,0.250,kvaser:Channel 0,STEER_TORQUE_SENSOR,0,tbd
1782295570557,0.250,kvaser:Channel 0,STEER_ANGLE_RATE,0,deg/s
1782295570557,0.250,kvaser:Channel 0,STEER_STATUS,0,
1782295570557,0.250,kvaser:Channel 0,STEER_CONTROL_ACTIVE,0,
1782295570557,0.250,kvaser:Channel 0,STEER_CONFIG_INDEX,14,
1782295570557,0.250,kvaser:Channel 0,COUNTER,0,
1782295570557,0.250,kvaser:Channel 0,CHECKSUM,0,
1782295570578,0.271,kvaser:Channel 0,STEER_TORQUE_SENSOR,0,tbd
1782295570578,0.271,kvaser:Channel 0,STEER_ANGLE_RATE,0,deg/s
1782295570578,0.271,kvaser:Channel 0,STEER_STATUS,0,
1782295570578,0.271,kvaser:Channel 0,STEER_CONTROL_ACTIVE,0,
1782295570578,0.271,kvaser:Channel 0,STEER_CONFIG_INDEX,14,
1782295570578,0.271,kvaser:Channel 0,COUNTER,0,
1782295570578,0.271,kvaser:Channel 0,CHECKSUM,0,
1782295570600,0.293,kvaser:Channel 0,STEER_TORQUE_SENSOR,0,tbd
1782295570600,0.293,kvaser:Channel 0,STEER_ANGLE_RATE,0,deg/s
1782295570600,0.293,kvaser:Channel 0,STEER_STATUS,0,
1782295570600,0.293,kvaser:Channel 0,STEER_CONTROL_ACTIVE,0,
1782295570600,0.293,kvaser:Channel 0,STEER_CONFIG_INDEX,14,
1782295570600,0.293,kvaser:Channel 0,COUNTER,0,
1782295570600,0.293,kvaser:Channel 0,CHECKSUM,0,
1782295570626,0.319,kvaser:Channel 0,STEER_TORQUE_SENSOR,0,tbd
1782295570626,0.319,kvaser:Channel 0,STEER_ANGLE_RATE,0,deg/s
1782295570626,0.319,kvaser:Channel 0,STEER_STATUS,0,
1782295570626,0.319,kvaser:Channel 0,STEER_CONTROL_ACTIVE,0,
1782295570626,0.319,kvaser:Channel 0,STEER_CONFIG_INDEX,14,
1782295570626,0.319,kvaser:Channel 0,COUNTER,0,
1782295570626,0.319,kvaser:Channel 0,CHECKSUM,0,
1782295570652,0.345,kvaser:Channel 0,STEER_TORQUE_SENSOR,0,tbd
1782295570652,0.345,kvaser:Channel 0,STEER_ANGLE_RATE,0,deg/s
1782295570652,0.345,kvaser:Channel 0,STEER_STATUS,0,
1782295570652,0.345,kvaser:Channel 0,STEER_CONTROL_ACTIVE,0,
1782295570652,0.345,kvaser:Channel 0,STEER_CONFIG_INDEX,14,
1782295570652,0.345,kvaser:Channel 0,COUNTER,0,
1782295570652,0.345,kvaser:Channel 0,CHECKSUM,0,
1782295570673,0.366,kvaser:Channel 0,STEER_TORQUE_SENSOR,0,tbd
1782295570673,0.366,kvaser:Channel 0,STEER_ANGLE_RATE,0,deg/s
1782295570673,0.366,kvaser:Channel 0,STEER_STATUS,0,
1782295570673,0.366,kvaser:Channel 0,STEER_CONTROL_ACTIVE,0,
1782295570673,0.366,kvaser:Channel 0,STEER_CONFIG_INDEX,14,
1782295570673,0.366,kvaser:Channel 0,COUNTER,0,
1782295570673,0.366,kvaser:Channel 0,CHECKSUM,0,
1782295570699,0.392,kvaser:Channel 0,STEER_TORQUE_SENSOR,0,tbd
1782295570699,0.392,kvaser:Channel 0,STEER_ANGLE_RATE,0,deg/s
1782295570699,0.392,kvaser:Channel 0,STEER_STATUS,0,
1782295570699,0.392,kvaser:Channel 0,STEER_CONTROL_ACTIVE,0,
1782295570699,0.392,kvaser:Channel 0,STEER_CONFIG_INDEX,14,
1782295570699,0.392,kvaser:Channel 0,COUNTER,0,
1782295570699,0.392,kvaser:Channel 0,CHECKSUM,0,
1782295570726,0.419,kvaser:Channel 0,STEER_TORQUE_SENSOR,0,tbd
1782295570726,0.419,kvaser:Channel 0,STEER_ANGLE_RATE,0,deg/s
1782295570726,0.419,kvaser:Channel 0,STEER_STATUS,0,
1782295570726,0.419,kvaser:Channel 0,STEER_CONTROL_ACTIVE,0,
1782295570726,0.419,kvaser:Channel 0,STEER_CONFIG_INDEX,14,
1782295570726,0.419,kvaser:Channel 0,COUNTER,0,
1782295570726,0.419,kvaser:Channel 0,CHECKSUM,0,
1782295570742,0.435,kvaser:Channel 0,STEER_TORQUE_SENSOR,0,tbd
1782295570742,0.435,kvaser:Channel 0,STEER_ANGLE_RATE,0,deg/s
1782295570742,0.435,kvaser:Channel 0,STEER_STATUS,0,
1782295570742,0.435,kvaser:Channel 0,STEER_CONTROL_ACTIVE,0,
1782295570742,0.435,kvaser:Channel 0,STEER_CONFIG_INDEX,14,
1782295570742,0.435,kvaser:Channel 0,COUNTER,0,
1782295570742,0.435,kvaser:Channel 0,CHECKSUM,0,
1782295570763,0.456,kvaser:Channel 0,STEER_TORQUE_SENSOR,0,tbd
1782295570763,0.456,kvaser:Channel 0,STEER_ANGLE_RATE,0,deg/s
1782295570763,0.456,kvaser:Channel 0,STEER_STATUS,0,
1782295570763,0.456,kvaser:Channel 0,STEER_CONTROL_ACTIVE,0,
1782295570763,0.456,kvaser:Channel 0,STEER_CONFIG_INDEX,14,
1782295570763,0.456,kvaser:Channel 0,COUNTER,0,
1782295570763,0.456,kvaser:Channel 0,CHECKSUM,0,
1782295570784,0.477,kvaser:Channel 0,STEER_TORQUE_SENSOR,0,tbd
1782295570784,0.477,kvaser:Channel 0,STEER_ANGLE_RATE,0,deg/s
1782295570784,0.477,kvaser:Channel 0,STEER_STATUS,0,
1782295570784,0.477,kvaser:Channel 0,STEER_CONTROL_ACTIVE,0,
1782295570784,0.477,kvaser:Channel 0,STEER_CONFIG_INDEX,14,
1782295570784,0.477,kvaser:Channel 0,COUNTER,0,
1782295570784,0.477,kvaser:Channel 0,CHECKSUM,0,
1782295570811,0.504,kvaser:Channel 0,STEER_TORQUE_SENSOR,0,tbd
1782295570811,0.504,kvaser:Channel 0,STEER_ANGLE_RATE,0,deg/s
1782295570811,0.504,kvaser:Channel 0,STEER_STATUS,0,
1782295570811,0.504,kvaser:Channel 0,STEER_CONTROL_ACTIVE,0,
1782295570811,0.504,kvaser:Channel 0,STEER_CONFIG_INDEX,14,
1782295570811,0.504,kvaser:Channel 0,COUNTER,0,
1782295570811,0.504,kvaser:Channel 0,CHECKSUM,0,
1782295570832,0.525,kvaser:Channel 0,STEER_TORQUE_SENSOR,0,tbd
1782295570832,0.525,kvaser:Channel 0,STEER_ANGLE_RATE,0,deg/s
1782295570832,0.525,kvaser:Channel 0,STEER_STATUS,0,
1782295570832,0.525,kvaser:Channel 0,STEER_CONTROL_ACTIVE,0,
1782295570832,0.525,kvaser:Channel 0,STEER_CONFIG_INDEX,14,
1782295570832,0.525,kvaser:Channel 0,COUNTER,0,
1782295570832,0.525,kvaser:Channel 0,CHECKSUM,0,
1782295570853,0.546,kvaser:Channel 0,STEER_TORQUE_SENSOR,0,tbd
1782295570853,0.546,kvaser:Channel 0,STEER_ANGLE_RATE,0,deg/s
1782295570853,0.546,kvaser:Channel 0,STEER_STATUS,0,
1782295570853,0.546,kvaser:Channel 0,STEER_CONTROL_ACTIVE,0,
1782295570853,0.546,kvaser:Channel 0,STEER_CONFIG_INDEX,14,
1782295570853,0.546,kvaser:Channel 0,COUNTER,0,
1782295570853,0.546,kvaser:Channel 0,CHECKSUM,0,
1782295570879,0.572,kvaser:Channel 0,STEER_TORQUE_SENSOR,0,tbd
1782295570879,0.572,kvaser:Channel 0,STEER_ANGLE_RATE,0,deg/s
1782295570879,0.572,kvaser:Channel 0,STEER_STATUS,0,
1782295570879,0.572,kvaser:Channel 0,STEER_CONTROL_ACTIVE,0,
1782295570879,0.572,kvaser:Channel 0,STEER_CONFIG_INDEX,14,
1782295570879,0.572,kvaser:Channel 0,COUNTER,0,
1782295570879,0.572,kvaser:Channel 0,CHECKSUM,0,
1782295570900,0.593,kvaser:Channel 0,STEER_TORQUE_SENSOR,0,tbd
1782295570900,0.593,kvaser:Channel 0,STEER_ANGLE_RATE,0,deg/s
1782295570900,0.593,kvaser:Channel 0,STEER_STATUS,0,
1782295570900,0.593,kvaser:Channel 0,STEER_CONTROL_ACTIVE,0,
1782295570900,0.593,kvaser:Channel 0,STEER_CONFIG_INDEX,14,
1782295570900,0.593,kvaser:Channel 0,COUNTER,0,
1782295570900,0.593,kvaser:Channel 0,CHECKSUM,0,
1782295570922,0.615,kvaser:Channel 0,STEER_TORQUE_SENSOR,0,tbd
1782295570922,0.615,kvaser:Channel 0,STEER_ANGLE_RATE,0,deg/s
1782295570922,0.615,kvaser:Channel 0,STEER_STATUS,0,
1782295570922,0.615,kvaser:Channel 0,STEER_CONTROL_ACTIVE,0,
1782295570922,0.615,kvaser:Channel 0,STEER_CONFIG_INDEX,14,
1782295570922,0.615,kvaser:Channel 0,COUNTER,0,
1782295570922,0.615,kvaser:Channel 0,CHECKSUM,0,
1782295570949,0.642,kvaser:Channel 0,STEER_TORQUE_SENSOR,0,tbd
1782295570949,0.642,kvaser:Channel 0,STEER_ANGLE_RATE,0,deg/s
1782295570949,0.642,kvaser:Channel 0,STEER_STATUS,0,
1782295570949,0.642,kvaser:Channel 0,STEER_CONTROL_ACTIVE,0,
1782295570949,0.642,kvaser:Channel 0,STEER_CONFIG_INDEX,14,
1782295570949,0.642,kvaser:Channel 0,COUNTER,0,
1782295570949,0.642,kvaser:Channel 0,CHECKSUM,0,
1782295570976,0.669,kvaser:Channel 0,STEER_TORQUE_SENSOR,0,tbd
1782295570976,0.669,kvaser:Channel 0,STEER_ANGLE_RATE,0,deg/s
1782295570976,0.669,kvaser:Channel 0,STEER_STATUS,0,
1782295570976,0.669,kvaser:Channel 0,STEER_CONTROL_ACTIVE,0,
1782295570976,0.669,kvaser:Channel 0,STEER_CONFIG_INDEX,14,
1782295570976,0.669,kvaser:Channel 0,COUNTER,0,
1782295570976,0.669,kvaser:Channel 0,CHECKSUM,0,
1782295570992,0.685,kvaser:Channel 0,STEER_TORQUE_SENSOR,0,tbd
1782295570992,0.685,kvaser:Channel 0,STEER_ANGLE_RATE,0,deg/s
1782295570992,0.685,kvaser:Channel 0,STEER_STATUS,0,
1782295570992,0.685,kvaser:Channel 0,STEER_CONTROL_ACTIVE,0,
1782295570992,0.685,kvaser:Channel 0,STEER_CONFIG_INDEX,14,
1782295570992,0.685,kvaser:Channel 0,COUNTER,0,
1782295570992,0.685,kvaser:Channel 0,CHECKSUM,0,
1782295571014,0.707,kvaser:Channel 0,STEER_TORQUE_SENSOR,0,tbd
1782295571014,0.707,kvaser:Channel 0,STEER_ANGLE_RATE,0,deg/s
1782295571014,0.707,kvaser:Channel 0,STEER_STATUS,0,
1782295571014,0.707,kvaser:Channel 0,STEER_CONTROL_ACTIVE,0,
1782295571014,0.707,kvaser:Channel 0,STEER_CONFIG_INDEX,14,
1782295571014,0.707,kvaser:Channel 0,COUNTER,0,
1782295571014,0.707,kvaser:Channel 0,CHECKSUM,0,
1782295571040,0.733,kvaser:Channel 0,STEER_TORQUE_SENSOR,0,tbd
1782295571040,0.733,kvaser:Channel 0,STEER_ANGLE_RATE,0,deg/s
1782295571040,0.733,kvaser:Channel 0,STEER_STATUS,0,
1782295571040,0.733,kvaser:Channel 0,STEER_CONTROL_ACTIVE,0,
1782295571040,0.733,kvaser:Channel 0,STEER_CONFIG_INDEX,14,
1782295571040,0.733,kvaser:Channel 0,COUNTER,0,
1782295571040,0.733,kvaser:Channel 0,CHECKSUM,0,
1782295571061,0.754,kvaser:Channel 0,STEER_TORQUE_SENSOR,0,tbd
1782295571061,0.754,kvaser:Channel 0,STEER_ANGLE_RATE,0,deg/s
1782295571061,0.754,kvaser:Channel 0,STEER_STATUS,0,
1782295571061,0.754,kvaser:Channel 0,STEER_CONTROL_ACTIVE,0,
1782295571061,0.754,kvaser:Channel 0,STEER_CONFIG_INDEX,14,
1782295571061,0.754,kvaser:Channel 0,COUNTER,0,
1782295571061,0.754,kvaser:Channel 0,CHECKSUM,0,
1782295571077,0.770,kvaser:Channel 0,STEER_TORQUE_SENSOR,0,tbd
1782295571077,0.770,kvaser:Channel 0,STEER_ANGLE_RATE,0,deg/s
1782295571077,0.770,kvaser:Channel 0,STEER_STATUS,0,
1782295571077,0.770,kvaser:Channel 0,STEER_CONTROL_ACTIVE,0,
1782295571077,0.770,kvaser:Channel 0,STEER_CONFIG_INDEX,14,
1782295571077,0.770,kvaser:Channel 0,COUNTER,0,
1782295571077,0.770,kvaser:Channel 0,CHECKSUM,0,
1782295571099,0.792,kvaser:Channel 0,STEER_TORQUE_SENSOR,0,tbd
1782295571099,0.792,kvaser:Channel 0,STEER_ANGLE_RATE,0,deg/s
1782295571099,0.792,kvaser:Channel 0,STEER_STATUS,0,
1782295571099,0.792,kvaser:Channel 0,STEER_CONTROL_ACTIVE,0,
1782295571099,0.792,kvaser:Channel 0,STEER_CONFIG_INDEX,14,
1782295571099,0.792,kvaser:Channel 0,COUNTER,0,
1782295571099,0.792,kvaser:Channel 0,CHECKSUM,0,
1782295571126,0.819,kvaser:Channel 0,STEER_TORQUE_SENSOR,0,tbd
1782295571126,0.819,kvaser:Channel 0,STEER_ANGLE_RATE,0,deg/s
1782295571126,0.819,kvaser:Channel 0,STEER_STATUS,0,
1782295571126,0.819,kvaser:Channel 0,STEER_CONTROL_ACTIVE,0,
1782295571126,0.819,kvaser:Channel 0,STEER_CONFIG_INDEX,14,
1782295571126,0.819,kvaser:Channel 0,COUNTER,0,
1782295571126,0.819,kvaser:Channel 0,CHECKSUM,0,
1782295571142,0.835,kvaser:Channel 0,STEER_TORQUE_SENSOR,0,tbd
1782295571142,0.835,kvaser:Channel 0,STEER_ANGLE_RATE,0,deg/s
1782295571142,0.835,kvaser:Channel 0,STEER_STATUS,0,
1782295571142,0.835,kvaser:Channel 0,STEER_CONTROL_ACTIVE,0,
1782295571142,0.835,kvaser:Channel 0,STEER_CONFIG_INDEX,14,
1782295571142,0.835,kvaser:Channel 0,COUNTER,0,
1782295571142,0.835,kvaser:Channel 0,CHECKSUM,0,
1782295571168,0.861,kvaser:Channel 0,STEER_TORQUE_SENSOR,0,tbd
1782295571168,0.861,kvaser:Channel 0,STEER_ANGLE_RATE,0,deg/s
1782295571168,0.861,kvaser:Channel 0,STEER_STATUS,0,
1782295571168,0.861,kvaser:Channel 0,STEER_CONTROL_ACTIVE,0,
1782295571168,0.861,kvaser:Channel 0,STEER_CONFIG_INDEX,14,
1782295571168,0.861,kvaser:Channel 0,COUNTER,0,
1782295571168,0.861,kvaser:Channel 0,CHECKSUM,0,
1782295571195,0.888,kvaser:Channel 0,STEER_TORQUE_SENSOR,0,tbd
1782295571195,0.888,kvaser:Channel 0,STEER_ANGLE_RATE,0,deg/s
1782295571195,0.888,kvaser:Channel 0,STEER_STATUS,0,
1782295571195,0.888,kvaser:Channel 0,STEER_CONTROL_ACTIVE,0,
1782295571195,0.888,kvaser:Channel 0,STEER_CONFIG_INDEX,14,
1782295571195,0.888,kvaser:Channel 0,COUNTER,0,
1782295571195,0.888,kvaser:Channel 0,CHECKSUM,0,
1782295571216,0.909,kvaser:Channel 0,STEER_TORQUE_SENSOR,0,tbd
1782295571216,0.909,kvaser:Channel 0,STEER_ANGLE_RATE,0,deg/s
1782295571216,0.909,kvaser:Channel 0,STEER_STATUS,0,
1782295571216,0.909,kvaser:Channel 0,STEER_CONTROL_ACTIVE,0,
1782295571216,0.909,kvaser:Channel 0,STEER_CONFIG_INDEX,14,
1782295571216,0.909,kvaser:Channel 0,COUNTER,0,
1782295571216,0.909,kvaser:Channel 0,CHECKSUM,0,
1782295571237,0.930,kvaser:Channel 0,STEER_TORQUE_SENSOR,0,tbd
1782295571237,0.930,kvaser:Channel 0,STEER_ANGLE_RATE,0,deg/s
1782295571237,0.930,kvaser:Channel 0,STEER_STATUS,0,
1782295571237,0.930,kvaser:Channel 0,STEER_CONTROL_ACTIVE,0,
1782295571237,0.930,kvaser:Channel 0,STEER_CONFIG_INDEX,14,
1782295571237,0.930,kvaser:Channel 0,COUNTER,0,
1782295571237,0.930,kvaser:Channel 0,CHECKSUM,0,
1782295571259,0.952,kvaser:Channel 0,STEER_TORQUE_SENSOR,0,tbd
1782295571259,0.952,kvaser:Channel 0,STEER_ANGLE_RATE,0,deg/s
1782295571259,0.952,kvaser:Channel 0,STEER_STATUS,0,
1782295571259,0.952,kvaser:Channel 0,STEER_CONTROL_ACTIVE,0,
1782295571259,0.952,kvaser:Channel 0,STEER_CONFIG_INDEX,14,
1782295571259,0.952,kvaser:Channel 0,COUNTER,0,
1782295571259,0.952,kvaser:Channel 0,CHECKSUM,0,
1782295571280,0.973,kvaser:Channel 0,STEER_TORQUE_SENSOR,0,tbd
1782295571280,0.973,kvaser:Channel 0,STEER_ANGLE_RATE,0,deg/s
1782295571280,0.973,kvaser:Channel 0,STEER_STATUS,0,
1782295571280,0.973,kvaser:Channel 0,STEER_CONTROL_ACTIVE,0,
1782295571280,0.973,kvaser:Channel 0,STEER_CONFIG_INDEX,14,
1782295571280,0.973,kvaser:Channel 0,COUNTER,0,
1782295571280,0.973,kvaser:Channel 0,CHECKSUM,0,
1782295571302,0.995,kvaser:Channel 0,STEER_TORQUE_SENSOR,0,tbd
1782295571302,0.995,kvaser:Channel 0,STEER_ANGLE_RATE,0,deg/s
1782295571302,0.995,kvaser:Channel 0,STEER_STATUS,0,
1782295571302,0.995,kvaser:Channel 0,STEER_CONTROL_ACTIVE,0,
1782295571302,0.995,kvaser:Channel 0,STEER_CONFIG_INDEX,14,
1782295571302,0.995,kvaser:Channel 0,COUNTER,0,
1782295571302,0.995,kvaser:Channel 0,CHECKSUM,0,
1782295571328,1.021,kvaser:Channel 0,STEER_TORQUE_SENSOR,0,tbd
1782295571328,1.021,kvaser:Channel 0,STEER_ANGLE_RATE,0,deg/s
1782295571328,1.021,kvaser:Channel 0,STEER_STATUS,0,
1782295571328,1.021,kvaser:Channel 0,STEER_CONTROL_ACTIVE,0,
1782295571328,1.021,kvaser:Channel 0,STEER_CONFIG_INDEX,14,
1782295571328,1.021,kvaser:Channel 0,COUNTER,0,
1782295571328,1.021,kvaser:Channel 0,CHECKSUM,0,
1782295571350,1.043,kvaser:Channel 0,STEER_TORQUE_SENSOR,0,tbd
1782295571350,1.043,kvaser:Channel 0,STEER_ANGLE_RATE,0,deg/s
1782295571350,1.043,kvaser:Channel 0,STEER_STATUS,0,
1782295571350,1.043,kvaser:Channel 0,STEER_CONTROL_ACTIVE,0,
1782295571350,1.043,kvaser:Channel 0,STEER_CONFIG_INDEX,14,
1782295571350,1.043,kvaser:Channel 0,COUNTER,0,
1782295571350,1.043,kvaser:Channel 0,CHECKSUM,0,
1782295571376,1.069,kvaser:Channel 0,STEER_TORQUE_SENSOR,0,tbd
1782295571376,1.069,kvaser:Channel 0,STEER_ANGLE_RATE,0,deg/s
1782295571376,1.069,kvaser:Channel 0,STEER_STATUS,0,
1782295571376,1.069,kvaser:Channel 0,STEER_CONTROL_ACTIVE,0,
1782295571376,1.069,kvaser:Channel 0,STEER_CONFIG_INDEX,14,
1782295571376,1.069,kvaser:Channel 0,COUNTER,0,
1782295571376,1.069,kvaser:Channel 0,CHECKSUM,0,
1782295571397,1.090,kvaser:Channel 0,STEER_TORQUE_SENSOR,0,tbd
1782295571397,1.090,kvaser:Channel 0,STEER_ANGLE_RATE,0,deg/s
1782295571397,1.090,kvaser:Channel 0,STEER_STATUS,0,
1782295571397,1.090,kvaser:Channel 0,STEER_CONTROL_ACTIVE,0,
1782295571397,1.090,kvaser:Channel 0,STEER_CONFIG_INDEX,14,
1782295571397,1.090,kvaser:Channel 0,COUNTER,0,
1782295571397,1.090,kvaser:Channel 0,CHECKSUM,0,
1782295571424,1.117,kvaser:Channel 0,STEER_TORQUE_SENSOR,0,tbd
1782295571424,1.117,kvaser:Channel 0,STEER_ANGLE_RATE,0,deg/s
1782295571424,1.117,kvaser:Channel 0,STEER_STATUS,0,
1782295571424,1.117,kvaser:Channel 0,STEER_CONTROL_ACTIVE,0,
1782295571424,1.117,kvaser:Channel 0,STEER_CONFIG_INDEX,14,
1782295571424,1.117,kvaser:Channel 0,COUNTER,0,
1782295571424,1.117,kvaser:Channel 0,CHECKSUM,0,
1782295571444,1.137,kvaser:Channel 0,STEER_TORQUE_SENSOR,0,tbd
1782295571444,1.137,kvaser:Channel 0,STEER_ANGLE_RATE,0,deg/s
1782295571444,1.137,kvaser:Channel 0,STEER_STATUS,0,
1782295571444,1.137,kvaser:Channel 0,STEER_CONTROL_ACTIVE,0,
1782295571444,1.137,kvaser:Channel 0,STEER_CONFIG_INDEX,14,
1782295571444,1.137,kvaser:Channel 0,COUNTER,0,
1782295571444,1.137,kvaser:Channel 0,CHECKSUM,0,
1782295571471,1.164,kvaser:Channel 0,STEER_TORQUE_SENSOR,0,tbd
1782295571471,1.164,kvaser:Channel 0,STEER_ANGLE_RATE,0,deg/s
1782295571471,1.164,kvaser:Channel 0,STEER_STATUS,0,
1782295571471,1.164,kvaser:Channel 0,STEER_CONTROL_ACTIVE,0,
1782295571471,1.164,kvaser:Channel 0,STEER_CONFIG_INDEX,14,
1782295571471,1.164,kvaser:Channel 0,COUNTER,0,
1782295571471,1.164,kvaser:Channel 0,CHECKSUM,0,
1782295571496,1.189,kvaser:Channel 0,STEER_TORQUE_SENSOR,0,tbd
1782295571496,1.189,kvaser:Channel 0,STEER_ANGLE_RATE,0,deg/s
1782295571496,1.189,kvaser:Channel 0,STEER_STATUS,0,
1782295571496,1.189,kvaser:Channel 0,STEER_CONTROL_ACTIVE,0,
1782295571496,1.189,kvaser:Channel 0,STEER_CONFIG_INDEX,14,
1782295571496,1.189,kvaser:Channel 0,COUNTER,0,
1782295571496,1.189,kvaser:Channel 0,CHECKSUM,0,
1782295571517,1.210,kvaser:Channel 0,STEER_TORQUE_SENSOR,0,tbd
1782295571517,1.210,kvaser:Channel 0,STEER_ANGLE_RATE,0,deg/s
1782295571517,1.210,kvaser:Channel 0,STEER_STATUS,0,
1782295571517,1.210,kvaser:Channel 0,STEER_CONTROL_ACTIVE,0,
1782295571517,1.210,kvaser:Channel 0,STEER_CONFIG_INDEX,14,
1782295571517,1.210,kvaser:Channel 0,COUNTER,0,
1782295571517,1.210,kvaser:Channel 0,CHECKSUM,0,
1782295571543,1.236,kvaser:Channel 0,STEER_TORQUE_SENSOR,0,tbd
1782295571543,1.236,kvaser:Channel 0,STEER_ANGLE_RATE,0,deg/s
1782295571543,1.236,kvaser:Channel 0,STEER_STATUS,0,
1782295571543,1.236,kvaser:Channel 0,STEER_CONTROL_ACTIVE,0,
1782295571543,1.236,kvaser:Channel 0,STEER_CONFIG_INDEX,14,
1782295571543,1.236,kvaser:Channel 0,COUNTER,0,
1782295571543,1.236,kvaser:Channel 0,CHECKSUM,0,
1782295571570,1.263,kvaser:Channel 0,STEER_TORQUE_SENSOR,0,tbd
1782295571570,1.263,kvaser:Channel 0,STEER_ANGLE_RATE,0,deg/s
1782295571570,1.263,kvaser:Channel 0,STEER_STATUS,0,
1782295571570,1.263,kvaser:Channel 0,STEER_CONTROL_ACTIVE,0,
1782295571570,1.263,kvaser:Channel 0,STEER_CONFIG_INDEX,14,
1782295571570,1.263,kvaser:Channel 0,COUNTER,0,
1782295571570,1.263,kvaser:Channel 0,CHECKSUM,0,
1782295571596,1.289,kvaser:Channel 0,STEER_TORQUE_SENSOR,0,tbd
1782295571596,1.289,kvaser:Channel 0,STEER_ANGLE_RATE,0,deg/s
1782295571596,1.289,kvaser:Channel 0,STEER_STATUS,0,
1782295571596,1.289,kvaser:Channel 0,STEER_CONTROL_ACTIVE,0,
1782295571596,1.289,kvaser:Channel 0,STEER_CONFIG_INDEX,14,
1782295571596,1.289,kvaser:Channel 0,COUNTER,0,
1782295571596,1.289,kvaser:Channel 0,CHECKSUM,0,
1782295571612,1.305,kvaser:Channel 0,STEER_TORQUE_SENSOR,0,tbd
1782295571612,1.305,kvaser:Channel 0,STEER_ANGLE_RATE,0,deg/s
1782295571612,1.305,kvaser:Channel 0,STEER_STATUS,0,
1782295571612,1.305,kvaser:Channel 0,STEER_CONTROL_ACTIVE,0,
1782295571612,1.305,kvaser:Channel 0,STEER_CONFIG_INDEX,14,
1782295571612,1.305,kvaser:Channel 0,COUNTER,0,
1782295571612,1.305,kvaser:Channel 0,CHECKSUM,0,
1782295571639,1.332,kvaser:Channel 0,STEER_TORQUE_SENSOR,0,tbd
1782295571639,1.332,kvaser:Channel 0,STEER_ANGLE_RATE,0,deg/s
1782295571639,1.332,kvaser:Channel 0,STEER_STATUS,0,
1782295571639,1.332,kvaser:Channel 0,STEER_CONTROL_ACTIVE,0,
1782295571639,1.332,kvaser:Channel 0,STEER_CONFIG_INDEX,14,
1782295571639,1.332,kvaser:Channel 0,COUNTER,0,
1782295571639,1.332,kvaser:Channel 0,CHECKSUM,0,
1782295571661,1.354,kvaser:Channel 0,STEER_TORQUE_SENSOR,0,tbd
1782295571661,1.354,kvaser:Channel 0,STEER_ANGLE_RATE,0,deg/s
1782295571661,1.354,kvaser:Channel 0,STEER_STATUS,0,
1782295571661,1.354,kvaser:Channel 0,STEER_CONTROL_ACTIVE,0,
1782295571661,1.354,kvaser:Channel 0,STEER_CONFIG_INDEX,14,
1782295571661,1.354,kvaser:Channel 0,COUNTER,0,
1782295571661,1.354,kvaser:Channel 0,CHECKSUM,0,
1782295571677,1.370,kvaser:Channel 0,STEER_TORQUE_SENSOR,0,tbd
1782295571677,1.370,kvaser:Channel 0,STEER_ANGLE_RATE,0,deg/s
1782295571677,1.370,kvaser:Channel 0,STEER_STATUS,0,
1782295571677,1.370,kvaser:Channel 0,STEER_CONTROL_ACTIVE,0,
1782295571677,1.370,kvaser:Channel 0,STEER_CONFIG_INDEX,14,
1782295571677,1.370,kvaser:Channel 0,COUNTER,0,
1782295571677,1.370,kvaser:Channel 0,CHECKSUM,0,
1782295571703,1.396,kvaser:Channel 0,STEER_TORQUE_SENSOR,0,tbd
1782295571703,1.396,kvaser:Channel 0,STEER_ANGLE_RATE,0,deg/s
1782295571703,1.396,kvaser:Channel 0,STEER_STATUS,0,
1782295571703,1.396,kvaser:Channel 0,STEER_CONTROL_ACTIVE,0,
1782295571703,1.396,kvaser:Channel 0,STEER_CONFIG_INDEX,14,
1782295571703,1.396,kvaser:Channel 0,COUNTER,0,
1782295571703,1.396,kvaser:Channel 0,CHECKSUM,0,
1782295571730,1.423,kvaser:Channel 0,STEER_TORQUE_SENSOR,0,tbd
1782295571730,1.423,kvaser:Channel 0,STEER_ANGLE_RATE,0,deg/s
1782295571730,1.423,kvaser:Channel 0,STEER_STATUS,0,
1782295571730,1.423,kvaser:Channel 0,STEER_CONTROL_ACTIVE,0,
1782295571730,1.423,kvaser:Channel 0,STEER_CONFIG_INDEX,14,
1782295571730,1.423,kvaser:Channel 0,COUNTER,0,
1782295571730,1.423,kvaser:Channel 0,CHECKSUM,0,
1782295571751,1.444,kvaser:Channel 0,STEER_TORQUE_SENSOR,0,tbd
1782295571751,1.444,kvaser:Channel 0,STEER_ANGLE_RATE,0,deg/s
1782295571751,1.444,kvaser:Channel 0,STEER_STATUS,0,
1782295571751,1.444,kvaser:Channel 0,STEER_CONTROL_ACTIVE,0,
1782295571751,1.444,kvaser:Channel 0,STEER_CONFIG_INDEX,14,
1782295571751,1.444,kvaser:Channel 0,COUNTER,0,
1782295571751,1.444,kvaser:Channel 0,CHECKSUM,0,
1782295571772,1.465,kvaser:Channel 0,STEER_TORQUE_SENSOR,0,tbd
1782295571772,1.465,kvaser:Channel 0,STEER_ANGLE_RATE,0,deg/s
1782295571772,1.465,kvaser:Channel 0,STEER_STATUS,0,
1782295571772,1.465,kvaser:Channel 0,STEER_CONTROL_ACTIVE,0,
1782295571772,1.465,kvaser:Channel 0,STEER_CONFIG_INDEX,14,
1782295571772,1.465,kvaser:Channel 0,COUNTER,0,
1782295571772,1.465,kvaser:Channel 0,CHECKSUM,0,
1782295571794,1.487,kvaser:Channel 0,STEER_TORQUE_SENSOR,0,tbd
1782295571794,1.487,kvaser:Channel 0,STEER_ANGLE_RATE,0,deg/s
1782295571794,1.487,kvaser:Channel 0,STEER_STATUS,0,
1782295571794,1.487,kvaser:Channel 0,STEER_CONTROL_ACTIVE,0,
1782295571794,1.487,kvaser:Channel 0,STEER_CONFIG_INDEX,14,
1782295571794,1.487,kvaser:Channel 0,COUNTER,0,
1782295571794,1.487,kvaser:Channel 0,CHECKSUM,0,
1782295571820,1.513,kvaser:Channel 0,STEER_TORQUE_SENSOR,0,tbd
1782295571820,1.513,kvaser:Channel 0,STEER_ANGLE_RATE,0,deg/s
1782295571820,1.513,kvaser:Channel 0,STEER_STATUS,0,
1782295571820,1.513,kvaser:Channel 0,STEER_CONTROL_ACTIVE,0,
1782295571820,1.513,kvaser:Channel 0,STEER_CONFIG_INDEX,14,
1782295571820,1.513,kvaser:Channel 0,COUNTER,0,
1782295571820,1.513,kvaser:Channel 0,CHECKSUM,0,
1782295571841,1.534,kvaser:Channel 0,STEER_TORQUE_SENSOR,0,tbd
1782295571841,1.534,kvaser:Channel 0,STEER_ANGLE_RATE,0,deg/s
1782295571841,1.534,kvaser:Channel 0,STEER_STATUS,0,
1782295571841,1.534,kvaser:Channel 0,STEER_CONTROL_ACTIVE,0,
1782295571841,1.534,kvaser:Channel 0,STEER_CONFIG_INDEX,14,
1782295571841,1.534,kvaser:Channel 0,COUNTER,0,
1782295571841,1.534,kvaser:Channel 0,CHECKSUM,0,
1782295571867,1.560,kvaser:Channel 0,STEER_TORQUE_SENSOR,0,tbd
1782295571867,1.560,kvaser:Channel 0,STEER_ANGLE_RATE,0,deg/s
1782295571867,1.560,kvaser:Channel 0,STEER_STATUS,0,
1782295571867,1.560,kvaser:Channel 0,STEER_CONTROL_ACTIVE,0,
1782295571867,1.560,kvaser:Channel 0,STEER_CONFIG_INDEX,14,
1782295571867,1.560,kvaser:Channel 0,COUNTER,0,
1782295571867,1.560,kvaser:Channel 0,CHECKSUM,0,
1782295571888,1.581,kvaser:Channel 0,STEER_TORQUE_SENSOR,0,tbd
1782295571888,1.581,kvaser:Channel 0,STEER_ANGLE_RATE,0,deg/s
1782295571888,1.581,kvaser:Channel 0,STEER_STATUS,0,
1782295571888,1.581,kvaser:Channel 0,STEER_CONTROL_ACTIVE,0,
1782295571888,1.581,kvaser:Channel 0,STEER_CONFIG_INDEX,14,
1782295571888,1.581,kvaser:Channel 0,COUNTER,0,
1782295571888,1.581,kvaser:Channel 0,CHECKSUM,0,
1782295571914,1.607,kvaser:Channel 0,STEER_TORQUE_SENSOR,0,tbd
1782295571914,1.607,kvaser:Channel 0,STEER_ANGLE_RATE,0,deg/s
1782295571914,1.607,kvaser:Channel 0,STEER_STATUS,0,
1782295571914,1.607,kvaser:Channel 0,STEER_CONTROL_ACTIVE,0,
1782295571914,1.607,kvaser:Channel 0,STEER_CONFIG_INDEX,14,
1782295571914,1.607,kvaser:Channel 0,COUNTER,0,
1782295571914,1.607,kvaser:Channel 0,CHECKSUM,0,
1782295571936,1.629,kvaser:Channel 0,STEER_TORQUE_SENSOR,0,tbd
1782295571936,1.629,kvaser:Channel 0,STEER_ANGLE_RATE,0,deg/s
1782295571936,1.629,kvaser:Channel 0,STEER_STATUS,0,
1782295571936,1.629,kvaser:Channel 0,STEER_CONTROL_ACTIVE,0,
1782295571936,1.629,kvaser:Channel 0,STEER_CONFIG_INDEX,14,
1782295571936,1.629,kvaser:Channel 0,COUNTER,0,
1782295571936,1.629,kvaser:Channel 0,CHECKSUM,0,
1782295571957,1.650,kvaser:Channel 0,STEER_TORQUE_SENSOR,0,tbd
1782295571957,1.650,kvaser:Channel 0,STEER_ANGLE_RATE,0,deg/s
1782295571957,1.650,kvaser:Channel 0,STEER_STATUS,0,
1782295571957,1.650,kvaser:Channel 0,STEER_CONTROL_ACTIVE,0,
1782295571957,1.650,kvaser:Channel 0,STEER_CONFIG_INDEX,14,
1782295571957,1.650,kvaser:Channel 0,COUNTER,0,
1782295571957,1.650,kvaser:Channel 0,CHECKSUM,0,
1782295571978,1.671,kvaser:Channel 0,STEER_TORQUE_SENSOR,0,tbd
1782295571978,1.671,kvaser:Channel 0,STEER_ANGLE_RATE,0,deg/s
1782295571978,1.671,kvaser:Channel 0,STEER_STATUS,0,
1782295571978,1.671,kvaser:Channel 0,STEER_CONTROL_ACTIVE,0,
1782295571978,1.671,kvaser:Channel 0,STEER_CONFIG_INDEX,14,
1782295571978,1.671,kvaser:Channel 0,COUNTER,0,
1782295571978,1.671,kvaser:Channel 0,CHECKSUM,0,
1782295572004,1.697,kvaser:Channel 0,STEER_TORQUE_SENSOR,0,tbd
1782295572004,1.697,kvaser:Channel 0,STEER_ANGLE_RATE,0,deg/s
1782295572004,1.697,kvaser:Channel 0,STEER_STATUS,0,
1782295572004,1.697,kvaser:Channel 0,STEER_CONTROL_ACTIVE,0,
1782295572004,1.697,kvaser:Channel 0,STEER_CONFIG_INDEX,14,
1782295572004,1.697,kvaser:Channel 0,COUNTER,0,
1782295572004,1.697,kvaser:Channel 0,CHECKSUM,0,
1782295572025,1.718,kvaser:Channel 0,STEER_TORQUE_SENSOR,0,tbd
1782295572025,1.718,kvaser:Channel 0,STEER_ANGLE_RATE,0,deg/s
1782295572025,1.718,kvaser:Channel 0,STEER_STATUS,0,
1782295572025,1.718,kvaser:Channel 0,STEER_CONTROL_ACTIVE,0,
1782295572025,1.718,kvaser:Channel 0,STEER_CONFIG_INDEX,14,
1782295572025,1.718,kvaser:Channel 0,COUNTER,0,
1782295572025,1.718,kvaser:Channel 0,CHECKSUM,0,
1782295572042,1.735,kvaser:Channel 0,STEER_TORQUE_SENSOR,0,tbd
1782295572042,1.735,kvaser:Channel 0,STEER_ANGLE_RATE,0,deg/s
1782295572042,1.735,kvaser:Channel 0,STEER_STATUS,0,
1782295572042,1.735,kvaser:Channel 0,STEER_CONTROL_ACTIVE,0,
1782295572042,1.735,kvaser:Channel 0,STEER_CONFIG_INDEX,14,
1782295572042,1.735,kvaser:Channel 0,COUNTER,0,
1782295572042,1.735,kvaser:Channel 0,CHECKSUM,0,
1782295572073,1.766,kvaser:Channel 0,STEER_TORQUE_SENSOR,0,tbd
1782295572073,1.766,kvaser:Channel 0,STEER_ANGLE_RATE,0,deg/s
1782295572073,1.766,kvaser:Channel 0,STEER_STATUS,0,
1782295572073,1.766,kvaser:Channel 0,STEER_CONTROL_ACTIVE,0,
1782295572073,1.766,kvaser:Channel 0,STEER_CONFIG_INDEX,14,
1782295572073,1.766,kvaser:Channel 0,COUNTER,0,
1782295572073,1.766,kvaser:Channel 0,CHECKSUM,0,
1782295572094,1.787,kvaser:Channel 0,STEER_TORQUE_SENSOR,0,tbd
1782295572094,1.787,kvaser:Channel 0,STEER_ANGLE_RATE,0,deg/s
1782295572094,1.787,kvaser:Channel 0,STEER_STATUS,0,
1782295572094,1.787,kvaser:Channel 0,STEER_CONTROL_ACTIVE,0,
1782295572094,1.787,kvaser:Channel 0,STEER_CONFIG_INDEX,14,
1782295572094,1.787,kvaser:Channel 0,COUNTER,0,
1782295572094,1.787,kvaser:Channel 0,CHECKSUM,0,
1782295572120,1.813,kvaser:Channel 0,STEER_TORQUE_SENSOR,0,tbd
1782295572120,1.813,kvaser:Channel 0,STEER_ANGLE_RATE,0,deg/s
1782295572120,1.813,kvaser:Channel 0,STEER_STATUS,0,
1782295572120,1.813,kvaser:Channel 0,STEER_CONTROL_ACTIVE,0,
1782295572120,1.813,kvaser:Channel 0,STEER_CONFIG_INDEX,14,
1782295572120,1.813,kvaser:Channel 0,COUNTER,0,
1782295572120,1.813,kvaser:Channel 0,CHECKSUM,0,
1782295572137,1.830,kvaser:Channel 0,STEER_TORQUE_SENSOR,0,tbd
1782295572137,1.830,kvaser:Channel 0,STEER_ANGLE_RATE,0,deg/s
1782295572137,1.830,kvaser:Channel 0,STEER_STATUS,0,
1782295572137,1.830,kvaser:Channel 0,STEER_CONTROL_ACTIVE,0,
1782295572137,1.830,kvaser:Channel 0,STEER_CONFIG_INDEX,14,
1782295572137,1.830,kvaser:Channel 0,COUNTER,0,
1782295572137,1.830,kvaser:Channel 0,CHECKSUM,0,
1782295572158,1.851,kvaser:Channel 0,STEER_TORQUE_SENSOR,0,tbd
1782295572158,1.851,kvaser:Channel 0,STEER_ANGLE_RATE,0,deg/s
1782295572158,1.851,kvaser:Channel 0,STEER_STATUS,0,
1782295572158,1.851,kvaser:Channel 0,STEER_CONTROL_ACTIVE,0,
1782295572158,1.851,kvaser:Channel 0,STEER_CONFIG_INDEX,14,
1782295572158,1.851,kvaser:Channel 0,COUNTER,0,
1782295572158,1.851,kvaser:Channel 0,CHECKSUM,0,
1782295572180,1.873,kvaser:Channel 0,STEER_TORQUE_SENSOR,0,tbd
1782295572180,1.873,kvaser:Channel 0,STEER_ANGLE_RATE,0,deg/s
1782295572180,1.873,kvaser:Channel 0,STEER_STATUS,0,
1782295572180,1.873,kvaser:Channel 0,STEER_CONTROL_ACTIVE,0,
1782295572180,1.873,kvaser:Channel 0,STEER_CONFIG_INDEX,14,
1782295572180,1.873,kvaser:Channel 0,COUNTER,0,
1782295572180,1.873,kvaser:Channel 0,CHECKSUM,0,
1782295572207,1.900,kvaser:Channel 0,STEER_TORQUE_SENSOR,0,tbd
1782295572207,1.900,kvaser:Channel 0,STEER_ANGLE_RATE,0,deg/s
1782295572207,1.900,kvaser:Channel 0,STEER_STATUS,0,
1782295572207,1.900,kvaser:Channel 0,STEER_CONTROL_ACTIVE,0,
1782295572207,1.900,kvaser:Channel 0,STEER_CONFIG_INDEX,14,
1782295572207,1.900,kvaser:Channel 0,COUNTER,0,
1782295572207,1.900,kvaser:Channel 0,CHECKSUM,0,
1782295572223,1.916,kvaser:Channel 0,STEER_TORQUE_SENSOR,0,tbd
1782295572223,1.916,kvaser:Channel 0,STEER_ANGLE_RATE,0,deg/s
1782295572223,1.916,kvaser:Channel 0,STEER_STATUS,0,
1782295572223,1.916,kvaser:Channel 0,STEER_CONTROL_ACTIVE,0,
1782295572223,1.916,kvaser:Channel 0,STEER_CONFIG_INDEX,14,
1782295572223,1.916,kvaser:Channel 0,COUNTER,0,
1782295572223,1.916,kvaser:Channel 0,CHECKSUM,0,
1782295572249,1.942,kvaser:Channel 0,STEER_TORQUE_SENSOR,0,tbd
1782295572249,1.942,kvaser:Channel 0,STEER_ANGLE_RATE,0,deg/s
1782295572249,1.942,kvaser:Channel 0,STEER_STATUS,0,
1782295572249,1.942,kvaser:Channel 0,STEER_CONTROL_ACTIVE,0,
1782295572249,1.942,kvaser:Channel 0,STEER_CONFIG_INDEX,14,
1782295572249,1.942,kvaser:Channel 0,COUNTER,0,
1782295572249,1.942,kvaser:Channel 0,CHECKSUM,0,
1782295572276,1.969,kvaser:Channel 0,STEER_TORQUE_SENSOR,0,tbd
1782295572276,1.969,kvaser:Channel 0,STEER_ANGLE_RATE,0,deg/s
1782295572276,1.969,kvaser:Channel 0,STEER_STATUS,0,
1782295572276,1.969,kvaser:Channel 0,STEER_CONTROL_ACTIVE,0,
1782295572276,1.969,kvaser:Channel 0,STEER_CONFIG_INDEX,14,
1782295572276,1.969,kvaser:Channel 0,COUNTER,0,
1782295572276,1.969,kvaser:Channel 0,CHECKSUM,0,
1782295572302,1.995,kvaser:Channel 0,STEER_TORQUE_SENSOR,0,tbd
1782295572302,1.995,kvaser:Channel 0,STEER_ANGLE_RATE,0,deg/s
1782295572302,1.995,kvaser:Channel 0,STEER_STATUS,0,
1782295572302,1.995,kvaser:Channel 0,STEER_CONTROL_ACTIVE,0,
1782295572302,1.995,kvaser:Channel 0,STEER_CONFIG_INDEX,14,
1782295572302,1.995,kvaser:Channel 0,COUNTER,0,
1782295572302,1.995,kvaser:Channel 0,CHECKSUM,0,
1782295572323,2.016,kvaser:Channel 0,STEER_TORQUE_SENSOR,0,tbd
1782295572323,2.016,kvaser:Channel 0,STEER_ANGLE_RATE,0,deg/s
1782295572323,2.016,kvaser:Channel 0,STEER_STATUS,0,
1782295572323,2.016,kvaser:Channel 0,STEER_CONTROL_ACTIVE,0,
1782295572323,2.016,kvaser:Channel 0,STEER_CONFIG_INDEX,14,
1782295572323,2.016,kvaser:Channel 0,COUNTER,0,
1782295572323,2.016,kvaser:Channel 0,CHECKSUM,0,
1782295572350,2.043,kvaser:Channel 0,STEER_TORQUE_SENSOR,0,tbd
1782295572350,2.043,kvaser:Channel 0,STEER_ANGLE_RATE,0,deg/s
1782295572350,2.043,kvaser:Channel 0,STEER_STATUS,0,
1782295572350,2.043,kvaser:Channel 0,STEER_CONTROL_ACTIVE,0,
1782295572350,2.043,kvaser:Channel 0,STEER_CONFIG_INDEX,14,
1782295572350,2.043,kvaser:Channel 0,COUNTER,0,
1782295572350,2.043,kvaser:Channel 0,CHECKSUM,0,
1782295572371,2.064,kvaser:Channel 0,STEER_TORQUE_SENSOR,0,tbd
1782295572371,2.064,kvaser:Channel 0,STEER_ANGLE_RATE,0,deg/s
1782295572371,2.064,kvaser:Channel 0,STEER_STATUS,0,
1782295572371,2.064,kvaser:Channel 0,STEER_CONTROL_ACTIVE,0,
1782295572371,2.064,kvaser:Channel 0,STEER_CONFIG_INDEX,14,
1782295572371,2.064,kvaser:Channel 0,COUNTER,0,
1782295572371,2.064,kvaser:Channel 0,CHECKSUM,0,
1782295572392,2.085,kvaser:Channel 0,STEER_TORQUE_SENSOR,0,tbd
1782295572392,2.085,kvaser:Channel 0,STEER_ANGLE_RATE,0,deg/s
1782295572392,2.085,kvaser:Channel 0,STEER_STATUS,0,
1782295572392,2.085,kvaser:Channel 0,STEER_CONTROL_ACTIVE,0,
1782295572392,2.085,kvaser:Channel 0,STEER_CONFIG_INDEX,14,
1782295572392,2.085,kvaser:Channel 0,COUNTER,0,
1782295572392,2.085,kvaser:Channel 0,CHECKSUM,0,
1782295572419,2.112,kvaser:Channel 0,STEER_TORQUE_SENSOR,0,tbd
1782295572419,2.112,kvaser:Channel 0,STEER_ANGLE_RATE,0,deg/s
1782295572419,2.112,kvaser:Channel 0,STEER_STATUS,0,
1782295572419,2.112,kvaser:Channel 0,STEER_CONTROL_ACTIVE,0,
1782295572419,2.112,kvaser:Channel 0,STEER_CONFIG_INDEX,14,
1782295572419,2.112,kvaser:Channel 0,COUNTER,0,
1782295572419,2.112,kvaser:Channel 0,CHECKSUM,0,
1782295572440,2.133,kvaser:Channel 0,STEER_TORQUE_SENSOR,0,tbd
1782295572440,2.133,kvaser:Channel 0,STEER_ANGLE_RATE,0,deg/s
1782295572440,2.133,kvaser:Channel 0,STEER_STATUS,0,
1782295572440,2.133,kvaser:Channel 0,STEER_CONTROL_ACTIVE,0,
1782295572440,2.133,kvaser:Channel 0,STEER_CONFIG_INDEX,14,
1782295572440,2.133,kvaser:Channel 0,COUNTER,0,
1782295572440,2.133,kvaser:Channel 0,CHECKSUM,0,
1782295572461,2.154,kvaser:Channel 0,STEER_TORQUE_SENSOR,0,tbd
1782295572461,2.154,kvaser:Channel 0,STEER_ANGLE_RATE,0,deg/s
1782295572461,2.154,kvaser:Channel 0,STEER_STATUS,0,
1782295572461,2.154,kvaser:Channel 0,STEER_CONTROL_ACTIVE,0,
1782295572461,2.154,kvaser:Channel 0,STEER_CONFIG_INDEX,14,
1782295572461,2.154,kvaser:Channel 0,COUNTER,0,
1782295572461,2.154,kvaser:Channel 0,CHECKSUM,0,
1782295572482,2.175,kvaser:Channel 0,STEER_TORQUE_SENSOR,0,tbd
1782295572482,2.175,kvaser:Channel 0,STEER_ANGLE_RATE,0,deg/s
1782295572482,2.175,kvaser:Channel 0,STEER_STATUS,0,
1782295572482,2.175,kvaser:Channel 0,STEER_CONTROL_ACTIVE,0,
1782295572482,2.175,kvaser:Channel 0,STEER_CONFIG_INDEX,14,
1782295572482,2.175,kvaser:Channel 0,COUNTER,0,
1782295572482,2.175,kvaser:Channel 0,CHECKSUM,0,
1782295572503,2.196,kvaser:Channel 0,STEER_TORQUE_SENSOR,0,tbd
1782295572503,2.196,kvaser:Channel 0,STEER_ANGLE_RATE,0,deg/s
1782295572503,2.196,kvaser:Channel 0,STEER_STATUS,0,
1782295572503,2.196,kvaser:Channel 0,STEER_CONTROL_ACTIVE,0,
1782295572503,2.196,kvaser:Channel 0,STEER_CONFIG_INDEX,14,
1782295572503,2.196,kvaser:Channel 0,COUNTER,0,
1782295572503,2.196,kvaser:Channel 0,CHECKSUM,0,
1782295572524,2.217,kvaser:Channel 0,STEER_TORQUE_SENSOR,0,tbd
1782295572524,2.217,kvaser:Channel 0,STEER_ANGLE_RATE,0,deg/s
1782295572524,2.217,kvaser:Channel 0,STEER_STATUS,0,
1782295572524,2.217,kvaser:Channel 0,STEER_CONTROL_ACTIVE,0,
1782295572524,2.217,kvaser:Channel 0,STEER_CONFIG_INDEX,14,
1782295572524,2.217,kvaser:Channel 0,COUNTER,0,
1782295572524,2.217,kvaser:Channel 0,CHECKSUM,0,
1782295572551,2.244,kvaser:Channel 0,STEER_TORQUE_SENSOR,0,tbd
1782295572551,2.244,kvaser:Channel 0,STEER_ANGLE_RATE,0,deg/s
1782295572551,2.244,kvaser:Channel 0,STEER_STATUS,0,
1782295572551,2.244,kvaser:Channel 0,STEER_CONTROL_ACTIVE,0,
1782295572551,2.244,kvaser:Channel 0,STEER_CONFIG_INDEX,14,
1782295572551,2.244,kvaser:Channel 0,COUNTER,0,
1782295572551,2.244,kvaser:Channel 0,CHECKSUM,0,
1782295572573,2.266,kvaser:Channel 0,STEER_TORQUE_SENSOR,0,tbd
1782295572573,2.266,kvaser:Channel 0,STEER_ANGLE_RATE,0,deg/s
1782295572573,2.266,kvaser:Channel 0,STEER_STATUS,0,
1782295572573,2.266,kvaser:Channel 0,STEER_CONTROL_ACTIVE,0,
1782295572573,2.266,kvaser:Channel 0,STEER_CONFIG_INDEX,14,
1782295572573,2.266,kvaser:Channel 0,COUNTER,0,
1782295572573,2.266,kvaser:Channel 0,CHECKSUM,0,
1782295572600,2.293,kvaser:Channel 0,STEER_TORQUE_SENSOR,0,tbd
1782295572600,2.293,kvaser:Channel 0,STEER_ANGLE_RATE,0,deg/s
1782295572600,2.293,kvaser:Channel 0,STEER_STATUS,0,
1782295572600,2.293,kvaser:Channel 0,STEER_CONTROL_ACTIVE,0,
1782295572600,2.293,kvaser:Channel 0,STEER_CONFIG_INDEX,14,
1782295572600,2.293,kvaser:Channel 0,COUNTER,0,
1782295572600,2.293,kvaser:Channel 0,CHECKSUM,0,
1782295572626,2.319,kvaser:Channel 0,STEER_TORQUE_SENSOR,0,tbd
1782295572626,2.319,kvaser:Channel 0,STEER_ANGLE_RATE,0,deg/s
1782295572626,2.319,kvaser:Channel 0,STEER_STATUS,0,
1782295572626,2.319,kvaser:Channel 0,STEER_CONTROL_ACTIVE,0,
1782295572626,2.319,kvaser:Channel 0,STEER_CONFIG_INDEX,14,
1782295572626,2.319,kvaser:Channel 0,COUNTER,0,
1782295572626,2.319,kvaser:Channel 0,CHECKSUM,0,
1782295572642,2.335,kvaser:Channel 0,STEER_TORQUE_SENSOR,0,tbd
1782295572642,2.335,kvaser:Channel 0,STEER_ANGLE_RATE,0,deg/s
1782295572642,2.335,kvaser:Channel 0,STEER_STATUS,0,
1782295572642,2.335,kvaser:Channel 0,STEER_CONTROL_ACTIVE,0,
1782295572642,2.335,kvaser:Channel 0,STEER_CONFIG_INDEX,14,
1782295572642,2.335,kvaser:Channel 0,COUNTER,0,
1782295572642,2.335,kvaser:Channel 0,CHECKSUM,0,
1782295572668,2.361,kvaser:Channel 0,STEER_TORQUE_SENSOR,0,tbd
1782295572668,2.361,kvaser:Channel 0,STEER_ANGLE_RATE,0,deg/s
1782295572668,2.361,kvaser:Channel 0,STEER_STATUS,0,
1782295572668,2.361,kvaser:Channel 0,STEER_CONTROL_ACTIVE,0,
1782295572668,2.361,kvaser:Channel 0,STEER_CONFIG_INDEX,14,
1782295572668,2.361,kvaser:Channel 0,COUNTER,0,
1782295572668,2.361,kvaser:Channel 0,CHECKSUM,0,
1782295572690,2.383,kvaser:Channel 0,STEER_TORQUE_SENSOR,0,tbd
1782295572690,2.383,kvaser:Channel 0,STEER_ANGLE_RATE,0,deg/s
1782295572690,2.383,kvaser:Channel 0,STEER_STATUS,0,
1782295572690,2.383,kvaser:Channel 0,STEER_CONTROL_ACTIVE,0,
1782295572690,2.383,kvaser:Channel 0,STEER_CONFIG_INDEX,14,
1782295572690,2.383,kvaser:Channel 0,COUNTER,0,
1782295572690,2.383,kvaser:Channel 0,CHECKSUM,0,
1782295572715,2.408,kvaser:Channel 0,STEER_TORQUE_SENSOR,0,tbd
1782295572715,2.408,kvaser:Channel 0,STEER_ANGLE_RATE,0,deg/s
1782295572715,2.408,kvaser:Channel 0,STEER_STATUS,0,
1782295572715,2.408,kvaser:Channel 0,STEER_CONTROL_ACTIVE,0,
1782295572715,2.408,kvaser:Channel 0,STEER_CONFIG_INDEX,14,
1782295572715,2.408,kvaser:Channel 0,COUNTER,0,
1782295572715,2.408,kvaser:Channel 0,CHECKSUM,0,
1782295572742,2.435,kvaser:Channel 0,STEER_TORQUE_SENSOR,0,tbd
1782295572742,2.435,kvaser:Channel 0,STEER_ANGLE_RATE,0,deg/s
1782295572742,2.435,kvaser:Channel 0,STEER_STATUS,0,
1782295572742,2.435,kvaser:Channel 0,STEER_CONTROL_ACTIVE,0,
1782295572742,2.435,kvaser:Channel 0,STEER_CONFIG_INDEX,14,
1782295572742,2.435,kvaser:Channel 0,COUNTER,0,
1782295572742,2.435,kvaser:Channel 0,CHECKSUM,0,
1782295572758,2.451,kvaser:Channel 0,STEER_TORQUE_SENSOR,0,tbd
1782295572758,2.451,kvaser:Channel 0,STEER_ANGLE_RATE,0,deg/s
1782295572758,2.451,kvaser:Channel 0,STEER_STATUS,0,
1782295572758,2.451,kvaser:Channel 0,STEER_CONTROL_ACTIVE,0,
1782295572758,2.451,kvaser:Channel 0,STEER_CONFIG_INDEX,14,
1782295572758,2.451,kvaser:Channel 0,COUNTER,0,
1782295572758,2.451,kvaser:Channel 0,CHECKSUM,0,
1782295572779,2.472,kvaser:Channel 0,STEER_TORQUE_SENSOR,0,tbd
1782295572779,2.472,kvaser:Channel 0,STEER_ANGLE_RATE,0,deg/s
1782295572779,2.472,kvaser:Channel 0,STEER_STATUS,0,
1782295572779,2.472,kvaser:Channel 0,STEER_CONTROL_ACTIVE,0,
1782295572779,2.472,kvaser:Channel 0,STEER_CONFIG_INDEX,14,
1782295572779,2.472,kvaser:Channel 0,COUNTER,0,
1782295572779,2.472,kvaser:Channel 0,CHECKSUM,0,
1782295572801,2.494,kvaser:Channel 0,STEER_TORQUE_SENSOR,0,tbd
1782295572801,2.494,kvaser:Channel 0,STEER_ANGLE_RATE,0,deg/s
1782295572801,2.494,kvaser:Channel 0,STEER_STATUS,0,
1782295572801,2.494,kvaser:Channel 0,STEER_CONTROL_ACTIVE,0,
1782295572801,2.494,kvaser:Channel 0,STEER_CONFIG_INDEX,14,
1782295572801,2.494,kvaser:Channel 0,COUNTER,0,
1782295572801,2.494,kvaser:Channel 0,CHECKSUM,0,
1782295572827,2.520,kvaser:Channel 0,STEER_TORQUE_SENSOR,0,tbd
1782295572827,2.520,kvaser:Channel 0,STEER_ANGLE_RATE,0,deg/s
1782295572827,2.520,kvaser:Channel 0,STEER_STATUS,0,
1782295572827,2.520,kvaser:Channel 0,STEER_CONTROL_ACTIVE,0,
1782295572827,2.520,kvaser:Channel 0,STEER_CONFIG_INDEX,14,
1782295572827,2.520,kvaser:Channel 0,COUNTER,0,
1782295572827,2.520,kvaser:Channel 0,CHECKSUM,0,
1782295572853,2.546,kvaser:Channel 0,STEER_TORQUE_SENSOR,0,tbd
1782295572853,2.546,kvaser:Channel 0,STEER_ANGLE_RATE,0,deg/s
1782295572853,2.546,kvaser:Channel 0,STEER_STATUS,0,
1782295572853,2.546,kvaser:Channel 0,STEER_CONTROL_ACTIVE,0,
1782295572853,2.546,kvaser:Channel 0,STEER_CONFIG_INDEX,14,
1782295572853,2.546,kvaser:Channel 0,COUNTER,0,
1782295572853,2.546,kvaser:Channel 0,CHECKSUM,0,
1782295572875,2.568,kvaser:Channel 0,STEER_TORQUE_SENSOR,0,tbd
1782295572875,2.568,kvaser:Channel 0,STEER_ANGLE_RATE,0,deg/s
1782295572875,2.568,kvaser:Channel 0,STEER_STATUS,0,
1782295572875,2.568,kvaser:Channel 0,STEER_CONTROL_ACTIVE,0,
1782295572875,2.568,kvaser:Channel 0,STEER_CONFIG_INDEX,14,
1782295572875,2.568,kvaser:Channel 0,COUNTER,0,
1782295572875,2.568,kvaser:Channel 0,CHECKSUM,0,
1782295572897,2.590,kvaser:Channel 0,STEER_TORQUE_SENSOR,0,tbd
1782295572897,2.590,kvaser:Channel 0,STEER_ANGLE_RATE,0,deg/s
1782295572897,2.590,kvaser:Channel 0,STEER_STATUS,0,
1782295572897,2.590,kvaser:Channel 0,STEER_CONTROL_ACTIVE,0,
1782295572897,2.590,kvaser:Channel 0,STEER_CONFIG_INDEX,14,
1782295572897,2.590,kvaser:Channel 0,COUNTER,0,
1782295572897,2.590,kvaser:Channel 0,CHECKSUM,0,
1782295572918,2.611,kvaser:Channel 0,STEER_TORQUE_SENSOR,0,tbd
1782295572918,2.611,kvaser:Channel 0,STEER_ANGLE_RATE,0,deg/s
1782295572918,2.611,kvaser:Channel 0,STEER_STATUS,0,
1782295572918,2.611,kvaser:Channel 0,STEER_CONTROL_ACTIVE,0,
1782295572918,2.611,kvaser:Channel 0,STEER_CONFIG_INDEX,14,
1782295572918,2.611,kvaser:Channel 0,COUNTER,0,
1782295572918,2.611,kvaser:Channel 0,CHECKSUM,0,
1782295572939,2.632,kvaser:Channel 0,STEER_TORQUE_SENSOR,0,tbd
1782295572939,2.632,kvaser:Channel 0,STEER_ANGLE_RATE,0,deg/s
1782295572939,2.632,kvaser:Channel 0,STEER_STATUS,0,
1782295572939,2.632,kvaser:Channel 0,STEER_CONTROL_ACTIVE,0,
1782295572939,2.632,kvaser:Channel 0,STEER_CONFIG_INDEX,14,
1782295572939,2.632,kvaser:Channel 0,COUNTER,0,
1782295572939,2.632,kvaser:Channel 0,CHECKSUM,0,
1782295572960,2.653,kvaser:Channel 0,STEER_TORQUE_SENSOR,0,tbd
1782295572960,2.653,kvaser:Channel 0,STEER_ANGLE_RATE,0,deg/s
1782295572960,2.653,kvaser:Channel 0,STEER_STATUS,0,
1782295572960,2.653,kvaser:Channel 0,STEER_CONTROL_ACTIVE,0,
1782295572960,2.653,kvaser:Channel 0,STEER_CONFIG_INDEX,14,
1782295572960,2.653,kvaser:Channel 0,COUNTER,0,
1782295572960,2.653,kvaser:Channel 0,CHECKSUM,0,
1782295572986,2.679,kvaser:Channel 0,STEER_TORQUE_SENSOR,0,tbd
1782295572986,2.679,kvaser:Channel 0,STEER_ANGLE_RATE,0,deg/s
1782295572986,2.679,kvaser:Channel 0,STEER_STATUS,0,
1782295572986,2.679,kvaser:Channel 0,STEER_CONTROL_ACTIVE,0,
1782295572986,2.679,kvaser:Channel 0,STEER_CONFIG_INDEX,14,
1782295572986,2.679,kvaser:Channel 0,COUNTER,0,
1782295572986,2.679,kvaser:Channel 0,CHECKSUM,0,
1782295573002,2.695,kvaser:Channel 0,STEER_TORQUE_SENSOR,0,tbd
1782295573002,2.695,kvaser:Channel 0,STEER_ANGLE_RATE,0,deg/s
1782295573002,2.695,kvaser:Channel 0,STEER_STATUS,0,
1782295573002,2.695,kvaser:Channel 0,STEER_CONTROL_ACTIVE,0,
1782295573002,2.695,kvaser:Channel 0,STEER_CONFIG_INDEX,14,
1782295573002,2.695,kvaser:Channel 0,COUNTER,0,
1782295573002,2.695,kvaser:Channel 0,CHECKSUM,0,
1782295573024,2.717,kvaser:Channel 0,STEER_TORQUE_SENSOR,0,tbd
1782295573024,2.717,kvaser:Channel 0,STEER_ANGLE_RATE,0,deg/s
1782295573024,2.717,kvaser:Channel 0,STEER_STATUS,0,
1782295573024,2.717,kvaser:Channel 0,STEER_CONTROL_ACTIVE,0,
1782295573024,2.717,kvaser:Channel 0,STEER_CONFIG_INDEX,14,
1782295573024,2.717,kvaser:Channel 0,COUNTER,0,
1782295573024,2.717,kvaser:Channel 0,CHECKSUM,0,
1782295615393,45.086,kvaser:Channel 0,STEER_TORQUE_SENSOR,0,tbd
1782295615420,45.113,kvaser:Channel 0,STEER_TORQUE_SENSOR,0,tbd
1782295615441,45.134,kvaser:Channel 0,STEER_TORQUE_SENSOR,0,tbd
1782295615462,45.155,kvaser:Channel 0,STEER_TORQUE_SENSOR,0,tbd
1782295615484,45.177,kvaser:Channel 0,STEER_TORQUE_SENSOR,0,tbd
1782295615504,45.197,kvaser:Channel 0,STEER_TORQUE_SENSOR,0,tbd
1782295615530,45.223,kvaser:Channel 0,STEER_TORQUE_SENSOR,0,tbd
1782295615551,45.244,kvaser:Channel 0,STEER_TORQUE_SENSOR,0,tbd
1782295615572,45.265,kvaser:Channel 0,STEER_TORQUE_SENSOR,0,tbd
1782295615599,45.292,kvaser:Channel 0,STEER_TORQUE_SENSOR,0,tbd
1782295615620,45.313,kvaser:Channel 0,STEER_TORQUE_SENSOR,0,tbd
1782295615647,45.340,kvaser:Channel 0,STEER_TORQUE_SENSOR,0,tbd
1782295615669,45.362,kvaser:Channel 0,STEER_TORQUE_SENSOR,0,tbd
1782295615695,45.388,kvaser:Channel 0,STEER_TORQUE_SENSOR,0,tbd
1782295615717,45.410,kvaser:Channel 0,STEER_TORQUE_SENSOR,0,tbd
1782295615743,45.436,kvaser:Channel 0,STEER_TORQUE_SENSOR,0,tbd
1782295615770,45.463,kvaser:Channel 0,STEER_TORQUE_SENSOR,0,tbd
1782295615792,45.485,kvaser:Channel 0,STEER_TORQUE_SENSOR,0,tbd
1782295615818,45.511,kvaser:Channel 0,STEER_TORQUE_SENSOR,0,tbd
1782295615844,45.537,kvaser:Channel 0,STEER_TORQUE_SENSOR,0,tbd
1782295615870,45.563,kvaser:Channel 0,STEER_TORQUE_SENSOR,0,tbd
1782295615891,45.584,kvaser:Channel 0,STEER_TORQUE_SENSOR,0,tbd
1782295615918,45.611,kvaser:Channel 0,STEER_TORQUE_SENSOR,0,tbd
1782295615936,45.629,kvaser:Channel 0,STEER_TORQUE_SENSOR,0,tbd
1782295615962,45.655,kvaser:Channel 0,STEER_TORQUE_SENSOR,0,tbd
1782295615989,45.682,kvaser:Channel 0,STEER_TORQUE_SENSOR,0,tbd
1782295616010,45.703,kvaser:Channel 0,STEER_TORQUE_SENSOR,0,tbd
1782295616025,45.718,kvaser:Channel 0,STEER_TORQUE_SENSOR,0,tbd
1782295616047,45.740,kvaser:Channel 0,STEER_TORQUE_SENSOR,0,tbd
1782295616067,45.760,kvaser:Channel 0,STEER_TORQUE_SENSOR,0,tbd
1782295616094,45.787,kvaser:Channel 0,STEER_TORQUE_SENSOR,0,tbd
1782295616115,45.808,kvaser:Channel 0,STEER_TORQUE_SENSOR,0,tbd
1782295616141,45.834,kvaser:Channel 0,STEER_TORQUE_SENSOR,0,tbd
1782295616167,45.860,kvaser:Channel 0,STEER_TORQUE_SENSOR,0,tbd
1782295616194,45.887,kvaser:Channel 0,STEER_TORQUE_SENSOR,0,tbd
1782295616215,45.908,kvaser:Channel 0,STEER_TORQUE_SENSOR,0,tbd
1782295616241,45.934,kvaser:Channel 0,STEER_TORQUE_SENSOR,0,tbd
1782295616268,45.961,kvaser:Channel 0,STEER_TORQUE_SENSOR,0,tbd
1782295616294,45.987,kvaser:Channel 0,STEER_TORQUE_SENSOR,0,tbd
1782295616315,46.008,kvaser:Channel 0,STEER_TORQUE_SENSOR,0,tbd
1782295616342,46.035,kvaser:Channel 0,STEER_TORQUE_SENSOR,0,tbd
1782295616363,46.056,kvaser:Channel 0,STEER_TORQUE_SENSOR,0,tbd
1782295616384,46.077,kvaser:Channel 0,STEER_TORQUE_SENSOR,0,tbd
1782295616406,46.099,kvaser:Channel 0,STEER_TORQUE_SENSOR,0,tbd
1782295616426,46.119,kvaser:Channel 0,STEER_TORQUE_SENSOR,0,tbd
1782295616452,46.145,kvaser:Channel 0,STEER_TORQUE_SENSOR,0,tbd
1782295616473,46.166,kvaser:Channel 0,STEER_TORQUE_SENSOR,0,tbd
1782295616495,46.188,kvaser:Channel 0,STEER_TORQUE_SENSOR,0,tbd
1782295616521,46.214,kvaser:Channel 0,STEER_TORQUE_SENSOR,0,tbd
1782295616542,46.235,kvaser:Channel 0,STEER_TORQUE_SENSOR,0,tbd
1782295616568,46.261,kvaser:Channel 0,STEER_TORQUE_SENSOR,0,tbd
1782295616595,46.288,kvaser:Channel 0,STEER_TORQUE_SENSOR,0,tbd
1782295616617,46.310,kvaser:Channel 0,STEER_TORQUE_SENSOR,0,tbd
1782295616643,46.336,kvaser:Channel 0,STEER_TORQUE_SENSOR,0,tbd
1782295616664,46.357,kvaser:Channel 0,STEER_TORQUE_SENSOR,0,tbd
1782295616690,46.383,kvaser:Channel 0,STEER_TORQUE_SENSOR,0,tbd
1782295616706,46.399,kvaser:Channel 0,STEER_TORQUE_SENSOR,0,tbd
1782295616732,46.425,kvaser:Channel 0,STEER_TORQUE_SENSOR,0,tbd
1782295616753,46.446,kvaser:Channel 0,STEER_TORQUE_SENSOR,0,tbd
1782295616774,46.467,kvaser:Channel 0,STEER_TORQUE_SENSOR,0,tbd
1782295616795,46.488,kvaser:Channel 0,STEER_TORQUE_SENSOR,0,tbd
1782295616823,46.516,kvaser:Channel 0,STEER_TORQUE_SENSOR,0,tbd
1782295616843,46.536,kvaser:Channel 0,STEER_TORQUE_SENSOR,0,tbd
1782295616870,46.563,kvaser:Channel 0,STEER_TORQUE_SENSOR,0,tbd
1782295616891,46.584,kvaser:Channel 0,STEER_TORQUE_SENSOR,0,tbd
1782295616912,46.605,kvaser:Channel 0,STEER_TORQUE_SENSOR,0,tbd
1782295616938,46.631,kvaser:Channel 0,STEER_TORQUE_SENSOR,0,tbd
1782295616960,46.653,kvaser:Channel 0,STEER_TORQUE_SENSOR,0,tbd
1782295616981,46.674,kvaser:Channel 0,STEER_TORQUE_SENSOR,0,tbd
1782295617002,46.695,kvaser:Channel 0,STEER_TORQUE_SENSOR,0,tbd
1782295617025,46.718,kvaser:Channel 0,STEER_TORQUE_SENSOR,0,tbd
1782295617041,46.734,kvaser:Channel 0,STEER_TORQUE_SENSOR,0,tbd
1782295617062,46.755,kvaser:Channel 0,STEER_TORQUE_SENSOR,0,tbd
1782295617083,46.776,kvaser:Channel 0,STEER_TORQUE_SENSOR,0,tbd
1782295617111,46.804,kvaser:Channel 0,STEER_TORQUE_SENSOR,0,tbd
1782295617132,46.825,kvaser:Channel 0,STEER_TORQUE_SENSOR,0,tbd
1782295617153,46.846,kvaser:Channel 0,STEER_TORQUE_SENSOR,0,tbd
1782295617174,46.867,kvaser:Channel 0,STEER_TORQUE_SENSOR,0,tbd
1782295617196,46.889,kvaser:Channel 0,STEER_TORQUE_SENSOR,0,tbd
1782295617223,46.916,kvaser:Channel 0,STEER_TORQUE_SENSOR,0,tbd
1782295617244,46.937,kvaser:Channel 0,STEER_TORQUE_SENSOR,0,tbd
1782295617265,46.958,kvaser:Channel 0,STEER_TORQUE_SENSOR,0,tbd
1782295617286,46.979,kvaser:Channel 0,STEER_TORQUE_SENSOR,0,tbd
1782295617313,47.006,kvaser:Channel 0,STEER_TORQUE_SENSOR,0,tbd
1782295617334,47.027,kvaser:Channel 0,STEER_TORQUE_SENSOR,0,tbd
1782295617355,47.048,kvaser:Channel 0,STEER_TORQUE_SENSOR,0,tbd
1782295617377,47.070,kvaser:Channel 0,STEER_TORQUE_SENSOR,0,tbd
1782295617403,47.096,kvaser:Channel 0,STEER_TORQUE_SENSOR,0,tbd
1782295617424,47.117,kvaser:Channel 0,STEER_TORQUE_SENSOR,0,tbd
1782295617446,47.139,kvaser:Channel 0,STEER_TORQUE_SENSOR,0,tbd
1782295617472,47.165,kvaser:Channel 0,STEER_TORQUE_SENSOR,0,tbd
1782295617493,47.186,kvaser:Channel 0,STEER_TORQUE_SENSOR,0,tbd
1782295617519,47.212,kvaser:Channel 0,STEER_TORQUE_SENSOR,0,tbd
1782295617536,47.229,kvaser:Channel 0,STEER_TORQUE_SENSOR,0,tbd
1782295617562,47.255,kvaser:Channel 0,STEER_TORQUE_SENSOR,0,tbd
1782295617588,47.281,kvaser:Channel 0,STEER_TORQUE_SENSOR,0,tbd
1782295617615,47.308,kvaser:Channel 0,STEER_TORQUE_SENSOR,0,tbd
1782295617632,47.325,kvaser:Channel 0,STEER_TORQUE_SENSOR,0,tbd
1782295617659,47.352,kvaser:Channel 0,STEER_TORQUE_SENSOR,0,tbd
1782295617680,47.373,kvaser:Channel 0,STEER_TORQUE_SENSOR,0,tbd
1782295617700,47.393,kvaser:Channel 0,STEER_TORQUE_SENSOR,0,tbd
1782295617722,47.415,kvaser:Channel 0,STEER_TORQUE_SENSOR,0,tbd
1782295617743,47.436,kvaser:Channel 0,STEER_TORQUE_SENSOR,0,tbd
1782295617769,47.462,kvaser:Channel 0,STEER_TORQUE_SENSOR,0,tbd
1782295617795,47.488,kvaser:Channel 0,STEER_TORQUE_SENSOR,0,tbd
1782295617816,47.509,kvaser:Channel 0,STEER_TORQUE_SENSOR,0,tbd
1782295617837,47.530,kvaser:Channel 0,STEER_TORQUE_SENSOR,0,tbd
1782295617858,47.551,kvaser:Channel 0,STEER_TORQUE_SENSOR,0,tbd
1782295617884,47.577,kvaser:Channel 0,STEER_TORQUE_SENSOR,0,tbd
1782295617910,47.603,kvaser:Channel 0,STEER_TORQUE_SENSOR,0,tbd
1782295617931,47.624,kvaser:Channel 0,STEER_TORQUE_SENSOR,0,tbd
1782295617958,47.651,kvaser:Channel 0,STEER_TORQUE_SENSOR,0,tbd
1782295617979,47.672,kvaser:Channel 0,STEER_TORQUE_SENSOR,0,tbd
1782295618000,47.693,kvaser:Channel 0,STEER_TORQUE_SENSOR,0,tbd
1782295618022,47.715,kvaser:Channel 0,STEER_TORQUE_SENSOR,0,tbd
1782295618048,47.741,kvaser:Channel 0,STEER_TORQUE_SENSOR,0,tbd
1782295618069,47.762,kvaser:Channel 0,STEER_TORQUE_SENSOR,0,tbd
1782295618096,47.789,kvaser:Channel 0,STEER_TORQUE_SENSOR,0,tbd
1782295618118,47.811,kvaser:Channel 0,STEER_TORQUE_SENSOR,0,tbd
1782295618139,47.832,kvaser:Channel 0,STEER_TORQUE_SENSOR,0,tbd
1782295618160,47.853,kvaser:Channel 0,STEER_TORQUE_SENSOR,0,tbd
1782295618176,47.869,kvaser:Channel 0,STEER_TORQUE_SENSOR,0,tbd
1782295618202,47.895,kvaser:Channel 0,STEER_TORQUE_SENSOR,0,tbd
1782295618229,47.922,kvaser:Channel 0,STEER_TORQUE_SENSOR,0,tbd
1782295618251,47.944,kvaser:Channel 0,STEER_TORQUE_SENSOR,0,tbd
1782295618272,47.965,kvaser:Channel 0,STEER_TORQUE_SENSOR,0,tbd
1782295618298,47.991,kvaser:Channel 0,STEER_TORQUE_SENSOR,0,tbd
1782295618323,48.016,kvaser:Channel 0,STEER_TORQUE_SENSOR,0,tbd
1782295618349,48.042,kvaser:Channel 0,STEER_TORQUE_SENSOR,0,tbd
1782295618370,48.063,kvaser:Channel 0,STEER_TORQUE_SENSOR,0,tbd
1782295618391,48.084,kvaser:Channel 0,STEER_TORQUE_SENSOR,0,tbd
1782295618417,48.110,kvaser:Channel 0,STEER_TORQUE_SENSOR,0,tbd
1782295618439,48.132,kvaser:Channel 0,STEER_TORQUE_SENSOR,0,tbd
1782295618461,48.154,kvaser:Channel 0,STEER_TORQUE_SENSOR,0,tbd
1782295618487,48.180,kvaser:Channel 0,STEER_TORQUE_SENSOR,0,tbd
1782295618514,48.207,kvaser:Channel 0,STEER_TORQUE_SENSOR,0,tbd
1782295618540,48.233,kvaser:Channel 0,STEER_TORQUE_SENSOR,0,tbd
1782295618561,48.254,kvaser:Channel 0,STEER_TORQUE_SENSOR,0,tbd
1782295618582,48.275,kvaser:Channel 0,STEER_TORQUE_SENSOR,0,tbd
1782295618608,48.301,kvaser:Channel 0,STEER_TORQUE_SENSOR,0,tbd
1782295618629,48.322,kvaser:Channel 0,STEER_TORQUE_SENSOR,0,tbd
1782295618655,48.348,kvaser:Channel 0,STEER_TORQUE_SENSOR,0,tbd
1782295618676,48.369,kvaser:Channel 0,STEER_TORQUE_SENSOR,0,tbd
1782295618697,48.390,kvaser:Channel 0,STEER_TORQUE_SENSOR,0,tbd
1782295618719,48.412,kvaser:Channel 0,STEER_TORQUE_SENSOR,0,tbd
1782295618746,48.439,kvaser:Channel 0,STEER_TORQUE_SENSOR,0,tbd
1782295618772,48.465,kvaser:Channel 0,STEER_TORQUE_SENSOR,0,tbd
1782295618793,48.486,kvaser:Channel 0,STEER_TORQUE_SENSOR,0,tbd
1782295618820,48.513,kvaser:Channel 0,STEER_TORQUE_SENSOR,0,tbd
1782295618841,48.534,kvaser:Channel 0,STEER_TORQUE_SENSOR,0,tbd
1782295618863,48.556,kvaser:Channel 0,STEER_TORQUE_SENSOR,0,tbd
1782295618890,48.583,kvaser:Channel 0,STEER_TORQUE_SENSOR,0,tbd
1782295618911,48.604,kvaser:Channel 0,STEER_TORQUE_SENSOR,0,tbd
1782295618937,48.630,kvaser:Channel 0,STEER_TORQUE_SENSOR,0,tbd
1782295618958,48.651,kvaser:Channel 0,STEER_TORQUE_SENSOR,0,tbd
1782295618980,48.673,kvaser:Channel 0,STEER_TORQUE_SENSOR,0,tbd
1782295619005,48.698,kvaser:Channel 0,STEER_TORQUE_SENSOR,0,tbd
1782295619021,48.714,kvaser:Channel 0,STEER_TORQUE_SENSOR,0,tbd
1782295619043,48.736,kvaser:Channel 0,STEER_TORQUE_SENSOR,0,tbd
1782295619069,48.762,kvaser:Channel 0,STEER_TORQUE_SENSOR,0,tbd
1782295619096,48.789,kvaser:Channel 0,STEER_TORQUE_SENSOR,0,tbd
1782295619112,48.805,kvaser:Channel 0,STEER_TORQUE_SENSOR,0,tbd
1782295619133,48.826,kvaser:Channel 0,STEER_TORQUE_SENSOR,0,tbd
1782295619159,48.852,kvaser:Channel 0,STEER_TORQUE_SENSOR,0,tbd
1782295619181,48.874,kvaser:Channel 0,STEER_TORQUE_SENSOR,0,tbd
1782295619202,48.895,kvaser:Channel 0,STEER_TORQUE_SENSOR,0,tbd
1782295619228,48.921,kvaser:Channel 0,STEER_TORQUE_SENSOR,0,tbd
1782295619255,48.948,kvaser:Channel 0,STEER_TORQUE_SENSOR,0,tbd
1782295619276,48.969,kvaser:Channel 0,STEER_TORQUE_SENSOR,0,tbd
1782295619298,48.991,kvaser:Channel 0,STEER_TORQUE_SENSOR,0,tbd
1782295619324,49.017,kvaser:Channel 0,STEER_TORQUE_SENSOR,0,tbd
1782295619345,49.038,kvaser:Channel 0,STEER_TORQUE_SENSOR,0,tbd
1782295619371,49.064,kvaser:Channel 0,STEER_TORQUE_SENSOR,0,tbd
1782295619393,49.086,kvaser:Channel 0,STEER_TORQUE_SENSOR,0,tbd
1782295619420,49.113,kvaser:Channel 0,STEER_TORQUE_SENSOR,0,tbd
1782295619442,49.135,kvaser:Channel 0,STEER_TORQUE_SENSOR,0,tbd
1782295619468,49.161,kvaser:Channel 0,STEER_TORQUE_SENSOR,0,tbd
1782295619495,49.188,kvaser:Channel 0,STEER_TORQUE_SENSOR,0,tbd
1782295619517,49.210,kvaser:Channel 0,STEER_TORQUE_SENSOR,0,tbd
1782295619543,49.236,kvaser:Channel 0,STEER_TORQUE_SENSOR,0,tbd
1782295619569,49.262,kvaser:Channel 0,STEER_TORQUE_SENSOR,0,tbd
1782295619596,49.289,kvaser:Channel 0,STEER_TORQUE_SENSOR,0,tbd
1782295619612,49.305,kvaser:Channel 0,STEER_TORQUE_SENSOR,0,tbd
1782295619639,49.332,kvaser:Channel 0,STEER_TORQUE_SENSOR,0,tbd
1782295619659,49.352,kvaser:Channel 0,STEER_TORQUE_SENSOR,0,tbd
1782295619681,49.374,kvaser:Channel 0,STEER_TORQUE_SENSOR,0,tbd
1782295619702,49.395,kvaser:Channel 0,STEER_TORQUE_SENSOR,0,tbd
1782295619728,49.421,kvaser:Channel 0,STEER_TORQUE_SENSOR,0,tbd
1782295619749,49.442,kvaser:Channel 0,STEER_TORQUE_SENSOR,0,tbd
1782295619770,49.463,kvaser:Channel 0,STEER_TORQUE_SENSOR,0,tbd
1782295619792,49.485,kvaser:Channel 0,STEER_TORQUE_SENSOR,0,tbd
1782295619818,49.511,kvaser:Channel 0,STEER_TORQUE_SENSOR,0,tbd
1782295619840,49.533,kvaser:Channel 0,STEER_TORQUE_SENSOR,0,tbd
1782295619861,49.554,kvaser:Channel 0,STEER_TORQUE_SENSOR,0,tbd
1782295619881,49.574,kvaser:Channel 0,STEER_TORQUE_SENSOR,0,tbd
1782295619903,49.596,kvaser:Channel 0,STEER_TORQUE_SENSOR,0,tbd
1782295619929,49.622,kvaser:Channel 0,STEER_TORQUE_SENSOR,0,tbd
1782295619951,49.644,kvaser:Channel 0,STEER_TORQUE_SENSOR,0,tbd
1782295619972,49.665,kvaser:Channel 0,STEER_TORQUE_SENSOR,0,tbd
1782295619994,49.687,kvaser:Channel 0,STEER_TORQUE_SENSOR,0,tbd
1782295620020,49.713,kvaser:Channel 0,STEER_TORQUE_SENSOR,0,tbd
1782295620042,49.735,kvaser:Channel 0,STEER_TORQUE_SENSOR,0,tbd
1782295620069,49.762,kvaser:Channel 0,STEER_TORQUE_SENSOR,0,tbd
1782295620089,49.782,kvaser:Channel 0,STEER_TORQUE_SENSOR,0,tbd
1782295620111,49.804,kvaser:Channel 0,STEER_TORQUE_SENSOR,0,tbd
1782295620132,49.825,kvaser:Channel 0,STEER_TORQUE_SENSOR,0,tbd
1782295620158,49.851,kvaser:Channel 0,STEER_TORQUE_SENSOR,0,tbd
1782295620179,49.872,kvaser:Channel 0,STEER_TORQUE_SENSOR,0,tbd
1782295620205,49.898,kvaser:Channel 0,STEER_TORQUE_SENSOR,0,tbd
1782295620226,49.919,kvaser:Channel 0,STEER_TORQUE_SENSOR,0,tbd
1782295620247,49.940,kvaser:Channel 0,STEER_TORQUE_SENSOR,0,tbd
1782295620269,49.962,kvaser:Channel 0,STEER_TORQUE_SENSOR,0,tbd
1782295620296,49.989,kvaser:Channel 0,STEER_TORQUE_SENSOR,0,tbd
1782295620318,50.011,kvaser:Channel 0,STEER_TORQUE_SENSOR,0,tbd
1782295620338,50.031,kvaser:Channel 0,STEER_TORQUE_SENSOR,0,tbd
1782295620359,50.052,kvaser:Channel 0,STEER_TORQUE_SENSOR,0,tbd
1782295620380,50.073,kvaser:Channel 0,STEER_TORQUE_SENSOR,0,tbd
1782295620406,50.099,kvaser:Channel 0,STEER_TORQUE_SENSOR,0,tbd
1782295620422,50.115,kvaser:Channel 0,STEER_TORQUE_SENSOR,0,tbd
1782295620448,50.141,kvaser:Channel 0,STEER_TORQUE_SENSOR,0,tbd
1782295620469,50.162,kvaser:Channel 0,STEER_TORQUE_SENSOR,0,tbd
1782295620494,50.187,kvaser:Channel 0,STEER_TORQUE_SENSOR,0,tbd
1782295620522,50.215,kvaser:Channel 0,STEER_TORQUE_SENSOR,0,tbd
1782295620542,50.235,kvaser:Channel 0,STEER_TORQUE_SENSOR,0,tbd
1782295620564,50.257,kvaser:Channel 0,STEER_TORQUE_SENSOR,0,tbd
1782295620590,50.283,kvaser:Channel 0,STEER_TORQUE_SENSOR,0,tbd
1782295620612,50.305,kvaser:Channel 0,STEER_TORQUE_SENSOR,0,tbd
1782295620628,50.321,kvaser:Channel 0,STEER_TORQUE_SENSOR,0,tbd
1782295620649,50.342,kvaser:Channel 0,STEER_TORQUE_SENSOR,0,tbd
1782295620670,50.363,kvaser:Channel 0,STEER_TORQUE_SENSOR,0,tbd
1782295620697,50.390,kvaser:Channel 0,STEER_TORQUE_SENSOR,0,tbd
1782295620718,50.411,kvaser:Channel 0,STEER_TORQUE_SENSOR,0,tbd
1782295620745,50.438,kvaser:Channel 0,STEER_TORQUE_SENSOR,0,tbd
1782295620762,50.455,kvaser:Channel 0,STEER_TORQUE_SENSOR,0,tbd
1782295620788,50.481,kvaser:Channel 0,STEER_TORQUE_SENSOR,0,tbd
1782295620815,50.508,kvaser:Channel 0,STEER_TORQUE_SENSOR,0,tbd
1782295620836,50.529,kvaser:Channel 0,STEER_TORQUE_SENSOR,0,tbd
1782295620852,50.545,kvaser:Channel 0,STEER_TORQUE_SENSOR,0,tbd
1782295620873,50.566,kvaser:Channel 0,STEER_TORQUE_SENSOR,0,tbd
1782295620899,50.592,kvaser:Channel 0,STEER_TORQUE_SENSOR,0,tbd
1782295620921,50.614,kvaser:Channel 0,STEER_TORQUE_SENSOR,0,tbd
1782295620942,50.635,kvaser:Channel 0,STEER_TORQUE_SENSOR,0,tbd
1782295620968,50.661,kvaser:Channel 0,STEER_TORQUE_SENSOR,0,tbd
1782295620995,50.688,kvaser:Channel 0,STEER_TORQUE_SENSOR,0,tbd
1782295621017,50.710,kvaser:Channel 0,STEER_TORQUE_SENSOR,0,tbd
1782295621042,50.735,kvaser:Channel 0,STEER_TORQUE_SENSOR,0,tbd
1782295621068,50.761,kvaser:Channel 0,STEER_TORQUE_SENSOR,0,tbd
1782295621095,50.788,kvaser:Channel 0,STEER_TORQUE_SENSOR,0,tbd
1782295621121,50.814,kvaser:Channel 0,STEER_TORQUE_SENSOR,0,tbd
1782295621143,50.836,kvaser:Channel 0,STEER_TORQUE_SENSOR,0,tbd
1782295621163,50.856,kvaser:Channel 0,STEER_TORQUE_SENSOR,0,tbd
1782295621191,50.884,kvaser:Channel 0,STEER_TORQUE_SENSOR,0,tbd
1782295621213,50.906,kvaser:Channel 0,STEER_TORQUE_SENSOR,0,tbd
1782295621230,50.923,kvaser:Channel 0,STEER_TORQUE_SENSOR,0,tbd
1782295621251,50.944,kvaser:Channel 0,STEER_TORQUE_SENSOR,0,tbd
1782295621272,50.965,kvaser:Channel 0,STEER_TORQUE_SENSOR,0,tbd
1782295621294,50.987,kvaser:Channel 0,STEER_TORQUE_SENSOR,0,tbd
1782295621320,51.013,kvaser:Channel 0,STEER_TORQUE_SENSOR,0,tbd
1782295621342,51.035,kvaser:Channel 0,STEER_TORQUE_SENSOR,0,tbd
1782295621363,51.056,kvaser:Channel 0,STEER_TORQUE_SENSOR,0,tbd
1782295621391,51.084,kvaser:Channel 0,STEER_TORQUE_SENSOR,0,tbd
1782295621412,51.105,kvaser:Channel 0,STEER_TORQUE_SENSOR,0,tbd
1782295621434,51.127,kvaser:Channel 0,STEER_TORQUE_SENSOR,0,tbd
1782295621460,51.153,kvaser:Channel 0,STEER_TORQUE_SENSOR,0,tbd
1782295621481,51.174,kvaser:Channel 0,STEER_TORQUE_SENSOR,0,tbd
1782295621503,51.196,kvaser:Channel 0,STEER_TORQUE_SENSOR,0,tbd
1782295621525,51.218,kvaser:Channel 0,STEER_TORQUE_SENSOR,0,tbd
1782295621552,51.245,kvaser:Channel 0,STEER_TORQUE_SENSOR,0,tbd
1782295621568,51.261,kvaser:Channel 0,STEER_TORQUE_SENSOR,0,tbd
1782295621595,51.288,kvaser:Channel 0,STEER_TORQUE_SENSOR,0,tbd
1782295621621,51.314,kvaser:Channel 0,STEER_TORQUE_SENSOR,0,tbd
1782295621637,51.330,kvaser:Channel 0,STEER_TORQUE_SENSOR,0,tbd
1782295621664,51.357,kvaser:Channel 0,STEER_TORQUE_SENSOR,0,tbd
1782295621691,51.384,kvaser:Channel 0,STEER_TORQUE_SENSOR,0,tbd
1782295621716,51.409,kvaser:Channel 0,STEER_TORQUE_SENSOR,0,tbd
1782295621733,51.426,kvaser:Channel 0,STEER_TORQUE_SENSOR,0,tbd
1782295621758,51.451,kvaser:Channel 0,STEER_TORQUE_SENSOR,0,tbd
1782295621780,51.473,kvaser:Channel 0,STEER_TORQUE_SENSOR,0,tbd
1782295621806,51.499,kvaser:Channel 0,STEER_TORQUE_SENSOR,0,tbd
1782295621822,51.515,kvaser:Channel 0,STEER_TORQUE_SENSOR,0,tbd
1782295621849,51.542,kvaser:Channel 0,STEER_TORQUE_SENSOR,0,tbd
1782295621869,51.562,kvaser:Channel 0,STEER_TORQUE_SENSOR,0,tbd
1782295621896,51.589,kvaser:Channel 0,STEER_TORQUE_SENSOR,0,tbd
1782295621922,51.615,kvaser:Channel 0,STEER_TORQUE_SENSOR,0,tbd
1782295621944,51.637,kvaser:Channel 0,STEER_TORQUE_SENSOR,0,tbd
1782295621965,51.658,kvaser:Channel 0,STEER_TORQUE_SENSOR,0,tbd
1782295621986,51.679,kvaser:Channel 0,STEER_TORQUE_SENSOR,0,tbd
1782295622012,51.705,kvaser:Channel 0,STEER_TORQUE_SENSOR,0,tbd
1782295622033,51.726,kvaser:Channel 0,STEER_TORQUE_SENSOR,0,tbd
1782295622059,51.752,kvaser:Channel 0,STEER_TORQUE_SENSOR,0,tbd
1782295622080,51.773,kvaser:Channel 0,STEER_TORQUE_SENSOR,0,tbd
1782295622106,51.799,kvaser:Channel 0,STEER_TORQUE_SENSOR,0,tbd
1782295622122,51.815,kvaser:Channel 0,STEER_TORQUE_SENSOR,0,tbd
1782295622142,51.835,kvaser:Channel 0,STEER_TORQUE_SENSOR,0,tbd
1782295622169,51.862,kvaser:Channel 0,STEER_TORQUE_SENSOR,0,tbd
1782295622196,51.889,kvaser:Channel 0,STEER_TORQUE_SENSOR,0,tbd
1782295622222,51.915,kvaser:Channel 0,STEER_TORQUE_SENSOR,0,tbd
1782295622242,51.935,kvaser:Channel 0,STEER_TORQUE_SENSOR,0,tbd
1782295622274,51.967,kvaser:Channel 0,STEER_TORQUE_SENSOR,0,tbd
1782295622290,51.983,kvaser:Channel 0,STEER_TORQUE_SENSOR,0,tbd
1782295622316,52.009,kvaser:Channel 0,STEER_TORQUE_SENSOR,0,tbd
1782295622337,52.030,kvaser:Channel 0,STEER_TORQUE_SENSOR,0,tbd
1782295622358,52.051,kvaser:Channel 0,STEER_TORQUE_SENSOR,0,tbd
1782295622379,52.072,kvaser:Channel 0,STEER_TORQUE_SENSOR,0,tbd
1782295622405,52.098,kvaser:Channel 0,STEER_TORQUE_SENSOR,0,tbd
1782295622432,52.125,kvaser:Channel 0,STEER_TORQUE_SENSOR,0,tbd
1782295622453,52.146,kvaser:Channel 0,STEER_TORQUE_SENSOR,0,tbd
1782295622475,52.168,kvaser:Channel 0,STEER_TORQUE_SENSOR,0,tbd
1782295622501,52.194,kvaser:Channel 0,STEER_TORQUE_SENSOR,0,tbd
1782295622522,52.215,kvaser:Channel 0,STEER_TORQUE_SENSOR,0,tbd
1782295622543,52.236,kvaser:Channel 0,STEER_TORQUE_SENSOR,0,tbd
1782295622570,52.263,kvaser:Channel 0,STEER_TORQUE_SENSOR,0,tbd
1782295622597,52.290,kvaser:Channel 0,STEER_TORQUE_SENSOR,0,tbd
1782295622618,52.311,kvaser:Channel 0,STEER_TORQUE_SENSOR,0,tbd
1782295622644,52.337,kvaser:Channel 0,STEER_TORQUE_SENSOR,0,tbd
1782295622670,52.363,kvaser:Channel 0,STEER_TORQUE_SENSOR,0,tbd
1782295622697,52.390,kvaser:Channel 0,STEER_TORQUE_SENSOR,0,tbd
1782295622718,52.411,kvaser:Channel 0,STEER_TORQUE_SENSOR,0,tbd
1782295622744,52.437,kvaser:Channel 0,STEER_TORQUE_SENSOR,0,tbd
1782295622765,52.458,kvaser:Channel 0,STEER_TORQUE_SENSOR,0,tbd
1782295622791,52.484,kvaser:Channel 0,STEER_TORQUE_SENSOR,0,tbd
1782295622817,52.510,kvaser:Channel 0,STEER_TORQUE_SENSOR,0,tbd
1782295622833,52.526,kvaser:Channel 0,STEER_TORQUE_SENSOR,0,tbd
1782295622853,52.546,kvaser:Channel 0,STEER_TORQUE_SENSOR,0,tbd
1782295622875,52.568,kvaser:Channel 0,STEER_TORQUE_SENSOR,0,tbd
1782295622901,52.594,kvaser:Channel 0,STEER_TORQUE_SENSOR,0,tbd
1782295622927,52.620,kvaser:Channel 0,STEER_TORQUE_SENSOR,0,tbd
1782295622949,52.642,kvaser:Channel 0,STEER_TORQUE_SENSOR,0,tbd
1782295622975,52.668,kvaser:Channel 0,STEER_TORQUE_SENSOR,0,tbd
1782295622996,52.689,kvaser:Channel 0,STEER_TORQUE_SENSOR,0,tbd
1782295623022,52.715,kvaser:Channel 0,STEER_TORQUE_SENSOR,0,tbd
1782295623043,52.736,kvaser:Channel 0,STEER_TORQUE_SENSOR,0,tbd
1782295623064,52.757,kvaser:Channel 0,STEER_TORQUE_SENSOR,0,tbd
1782295623091,52.784,kvaser:Channel 0,STEER_TORQUE_SENSOR,0,tbd
1782295623113,52.806,kvaser:Channel 0,STEER_TORQUE_SENSOR,0,tbd
1782295623134,52.827,kvaser:Channel 0,STEER_TORQUE_SENSOR,0,tbd
1782295623155,52.848,kvaser:Channel 0,STEER_TORQUE_SENSOR,0,tbd
1782295623176,52.869,kvaser:Channel 0,STEER_TORQUE_SENSOR,0,tbd
1782295623197,52.890,kvaser:Channel 0,STEER_TORQUE_SENSOR,0,tbd
1782295623218,52.911,kvaser:Channel 0,STEER_TORQUE_SENSOR,0,tbd
1782295623239,52.932,kvaser:Channel 0,STEER_TORQUE_SENSOR,0,tbd
1782295623265,52.958,kvaser:Channel 0,STEER_TORQUE_SENSOR,0,tbd
1782295623291,52.984,kvaser:Channel 0,STEER_TORQUE_SENSOR,0,tbd
1782295623317,53.010,kvaser:Channel 0,STEER_TORQUE_SENSOR,0,tbd
1782295623338,53.031,kvaser:Channel 0,STEER_TORQUE_SENSOR,0,tbd
1782295623359,53.052,kvaser:Channel 0,STEER_TORQUE_SENSOR,0,tbd
1782295623380,53.073,kvaser:Channel 0,STEER_TORQUE_SENSOR,0,tbd
1782295623406,53.099,kvaser:Channel 0,STEER_TORQUE_SENSOR,0,tbd
1782295623427,53.120,kvaser:Channel 0,STEER_TORQUE_SENSOR,0,tbd
1782295623454,53.147,kvaser:Channel 0,STEER_TORQUE_SENSOR,0,tbd
1782295623475,53.168,kvaser:Channel 0,STEER_TORQUE_SENSOR,0,tbd
1782295623501,53.194,kvaser:Channel 0,STEER_TORQUE_SENSOR,0,tbd
1782295623522,53.215,kvaser:Channel 0,STEER_TORQUE_SENSOR,0,tbd
1782295623539,53.232,kvaser:Channel 0,STEER_TORQUE_SENSOR,0,tbd
1782295623565,53.258,kvaser:Channel 0,STEER_TORQUE_SENSOR,0,tbd
1782295623591,53.284,kvaser:Channel 0,STEER_TORQUE_SENSOR,0,tbd
1782295623618,53.311,kvaser:Channel 0,STEER_TORQUE_SENSOR,0,tbd
1782295623639,53.332,kvaser:Channel 0,STEER_TORQUE_SENSOR,0,tbd
1782295623660,53.353,kvaser:Channel 0,STEER_TORQUE_SENSOR,0,tbd
1782295623681,53.374,kvaser:Channel 0,STEER_TORQUE_SENSOR,0,tbd
1782295623707,53.400,kvaser:Channel 0,STEER_TORQUE_SENSOR,0,tbd
1782295623723,53.416,kvaser:Channel 0,STEER_TORQUE_SENSOR,0,tbd
1782295623750,53.443,kvaser:Channel 0,STEER_TORQUE_SENSOR,0,tbd
1782295623771,53.464,kvaser:Channel 0,STEER_TORQUE_SENSOR,0,tbd
1782295623797,53.490,kvaser:Channel 0,STEER_TORQUE_SENSOR,0,tbd
1782295623818,53.511,kvaser:Channel 0,STEER_TORQUE_SENSOR,0,tbd
1782295623844,53.537,kvaser:Channel 0,STEER_TORQUE_SENSOR,0,tbd
1782295623865,53.558,kvaser:Channel 0,STEER_TORQUE_SENSOR,0,tbd
1782295623886,53.579,kvaser:Channel 0,STEER_TORQUE_SENSOR,0,tbd
1782295623912,53.605,kvaser:Channel 0,STEER_TORQUE_SENSOR,0,tbd
1782295623933,53.626,kvaser:Channel 0,STEER_TORQUE_SENSOR,0,tbd
1782295623954,53.647,kvaser:Channel 0,STEER_TORQUE_SENSOR,0,tbd
1782295623980,53.673,kvaser:Channel 0,STEER_TORQUE_SENSOR,0,tbd
1782295624001,53.694,kvaser:Channel 0,STEER_TORQUE_SENSOR,0,tbd
1782295624027,53.720,kvaser:Channel 0,STEER_TORQUE_SENSOR,0,tbd
1782295624053,53.746,kvaser:Channel 0,STEER_TORQUE_SENSOR,0,tbd
1782295624074,53.767,kvaser:Channel 0,STEER_TORQUE_SENSOR,0,tbd
1782295624095,53.788,kvaser:Channel 0,STEER_TORQUE_SENSOR,0,tbd
1782295624121,53.814,kvaser:Channel 0,STEER_TORQUE_SENSOR,0,tbd
1782295624147,53.840,kvaser:Channel 0,STEER_TORQUE_SENSOR,0,tbd
1782295624173,53.866,kvaser:Channel 0,STEER_TORQUE_SENSOR,0,tbd
1782295624199,53.892,kvaser:Channel 0,STEER_TORQUE_SENSOR,0,tbd
1782295624220,53.913,kvaser:Channel 0,STEER_TORQUE_SENSOR,0,tbd
1782295624248,53.941,kvaser:Channel 0,STEER_TORQUE_SENSOR,0,tbd
1782295624263,53.956,kvaser:Channel 0,STEER_TORQUE_SENSOR,0,tbd
1782295624284,53.977,kvaser:Channel 0,STEER_TORQUE_SENSOR,0,tbd
1782295624310,54.003,kvaser:Channel 0,STEER_TORQUE_SENSOR,0,tbd
1782295624337,54.030,kvaser:Channel 0,STEER_TORQUE_SENSOR,0,tbd
1782295624363,54.056,kvaser:Channel 0,STEER_TORQUE_SENSOR,0,tbd
1782295624384,54.077,kvaser:Channel 0,STEER_TORQUE_SENSOR,0,tbd
1782295624406,54.099,kvaser:Channel 0,STEER_TORQUE_SENSOR,0,tbd
1782295624427,54.120,kvaser:Channel 0,STEER_TORQUE_SENSOR,0,tbd
1782295624443,54.136,kvaser:Channel 0,STEER_TORQUE_SENSOR,0,tbd
1782295624474,54.167,kvaser:Channel 0,STEER_TORQUE_SENSOR,0,tbd
1782295624496,54.189,kvaser:Channel 0,STEER_TORQUE_SENSOR,0,tbd
1782295624522,54.215,kvaser:Channel 0,STEER_TORQUE_SENSOR,0,tbd
1782295624538,54.231,kvaser:Channel 0,STEER_TORQUE_SENSOR,0,tbd
1782295624560,54.253,kvaser:Channel 0,STEER_TORQUE_SENSOR,0,tbd
1782295624581,54.274,kvaser:Channel 0,STEER_TORQUE_SENSOR,0,tbd
1782295624608,54.301,kvaser:Channel 0,STEER_TORQUE_SENSOR,0,tbd
1782295624629,54.322,kvaser:Channel 0,STEER_TORQUE_SENSOR,0,tbd
1782295624656,54.349,kvaser:Channel 0,STEER_TORQUE_SENSOR,0,tbd
1782295624677,54.370,kvaser:Channel 0,STEER_TORQUE_SENSOR,0,tbd
1782295624703,54.396,kvaser:Channel 0,STEER_TORQUE_SENSOR,0,tbd
1782295624719,54.412,kvaser:Channel 0,STEER_TORQUE_SENSOR,0,tbd
1782295624745,54.438,kvaser:Channel 0,STEER_TORQUE_SENSOR,0,tbd
1782295624772,54.465,kvaser:Channel 0,STEER_TORQUE_SENSOR,0,tbd
1782295624798,54.491,kvaser:Channel 0,STEER_TORQUE_SENSOR,0,tbd
1782295624819,54.512,kvaser:Channel 0,STEER_TORQUE_SENSOR,0,tbd
1782295624846,54.539,kvaser:Channel 0,STEER_TORQUE_SENSOR,0,tbd
1782295624867,54.560,kvaser:Channel 0,STEER_TORQUE_SENSOR,0,tbd
1782295624888,54.581,kvaser:Channel 0,STEER_TORQUE_SENSOR,0,tbd
1782295624910,54.603,kvaser:Channel 0,STEER_TORQUE_SENSOR,0,tbd
1782295624931,54.624,kvaser:Channel 0,STEER_TORQUE_SENSOR,0,tbd
1782295624957,54.650,kvaser:Channel 0,STEER_TORQUE_SENSOR,0,tbd
1782295624978,54.671,kvaser:Channel 0,STEER_TORQUE_SENSOR,0,tbd
1782295624999,54.692,kvaser:Channel 0,STEER_TORQUE_SENSOR,0,tbd
1782295625020,54.713,kvaser:Channel 0,STEER_TORQUE_SENSOR,0,tbd
1782295625042,54.735,kvaser:Channel 0,STEER_TORQUE_SENSOR,0,tbd
1782295625068,54.761,kvaser:Channel 0,STEER_TORQUE_SENSOR,0,tbd
1782295625090,54.783,kvaser:Channel 0,STEER_TORQUE_SENSOR,0,tbd
1782295625115,54.808,kvaser:Channel 0,STEER_TORQUE_SENSOR,0,tbd
1782295625143,54.836,kvaser:Channel 0,STEER_TORQUE_SENSOR,0,tbd
1782295625159,54.852,kvaser:Channel 0,STEER_TORQUE_SENSOR,0,tbd
1782295625180,54.873,kvaser:Channel 0,STEER_TORQUE_SENSOR,0,tbd
1782295625207,54.900,kvaser:Channel 0,STEER_TORQUE_SENSOR,0,tbd
1782295625234,54.927,kvaser:Channel 0,STEER_TORQUE_SENSOR,0,tbd
1782295625255,54.948,kvaser:Channel 0,STEER_TORQUE_SENSOR,0,tbd
1782295625277,54.970,kvaser:Channel 0,STEER_TORQUE_SENSOR,0,tbd
1782295625299,54.992,kvaser:Channel 0,STEER_TORQUE_SENSOR,0,tbd
1782295625326,55.019,kvaser:Channel 0,STEER_TORQUE_SENSOR,0,tbd
1782295625352,55.045,kvaser:Channel 0,STEER_TORQUE_SENSOR,0,tbd
1782295625374,55.067,kvaser:Channel 0,STEER_TORQUE_SENSOR,0,tbd
1782295625395,55.088,kvaser:Channel 0,STEER_TORQUE_SENSOR,0,tbd
1782295625421,55.114,kvaser:Channel 0,STEER_TORQUE_SENSOR,0,tbd
1782295625448,55.141,kvaser:Channel 0,STEER_TORQUE_SENSOR,0,tbd
1782295625464,55.157,kvaser:Channel 0,STEER_TORQUE_SENSOR,0,tbd
1782295625485,55.178,kvaser:Channel 0,STEER_TORQUE_SENSOR,0,tbd
1782295625511,55.204,kvaser:Channel 0,STEER_TORQUE_SENSOR,0,tbd
1782295625532,55.225,kvaser:Channel 0,STEER_TORQUE_SENSOR,0,tbd
1782295625553,55.246,kvaser:Channel 0,STEER_TORQUE_SENSOR,0,tbd
1782295625574,55.267,kvaser:Channel 0,STEER_TORQUE_SENSOR,0,tbd
1782295625595,55.288,kvaser:Channel 0,STEER_TORQUE_SENSOR,0,tbd
1782295625616,55.309,kvaser:Channel 0,STEER_TORQUE_SENSOR,0,tbd
1782295625643,55.336,kvaser:Channel 0,STEER_TORQUE_SENSOR,0,tbd
1782295625659,55.352,kvaser:Channel 0,STEER_TORQUE_SENSOR,0,tbd
1782295625680,55.373,kvaser:Channel 0,STEER_TORQUE_SENSOR,0,tbd
1782295625707,55.400,kvaser:Channel 0,STEER_TORQUE_SENSOR,0,tbd
1782295625727,55.420,kvaser:Channel 0,STEER_TORQUE_SENSOR,0,tbd
1782295625754,55.447,kvaser:Channel 0,STEER_TORQUE_SENSOR,0,tbd
1782295625770,55.463,kvaser:Channel 0,STEER_TORQUE_SENSOR,0,tbd
1782295625797,55.490,kvaser:Channel 0,STEER_TORQUE_SENSOR,0,tbd
1782295625823,55.516,kvaser:Channel 0,STEER_TORQUE_SENSOR,0,tbd
1782295625840,55.533,kvaser:Channel 0,STEER_TORQUE_SENSOR,0,tbd
1782295625867,55.560,kvaser:Channel 0,STEER_TORQUE_SENSOR,0,tbd
1782295625894,55.587,kvaser:Channel 0,STEER_TORQUE_SENSOR,0,tbd
1782295625910,55.603,kvaser:Channel 0,STEER_TORQUE_SENSOR,0,tbd
1782295625936,55.629,kvaser:Channel 0,STEER_TORQUE_SENSOR,0,tbd
1782295625963,55.656,kvaser:Channel 0,STEER_TORQUE_SENSOR,0,tbd
1782295625985,55.678,kvaser:Channel 0,STEER_TORQUE_SENSOR,0,tbd
1782295626006,55.699,kvaser:Channel 0,STEER_TORQUE_SENSOR,0,tbd
1782295626027,55.720,kvaser:Channel 0,STEER_TORQUE_SENSOR,0,tbd
1782295626048,55.741,kvaser:Channel 0,STEER_TORQUE_SENSOR,0,tbd
1782295626074,55.767,kvaser:Channel 0,STEER_TORQUE_SENSOR,0,tbd
1782295626096,55.789,kvaser:Channel 0,STEER_TORQUE_SENSOR,0,tbd
1782295626117,55.810,kvaser:Channel 0,STEER_TORQUE_SENSOR,0,tbd
1782295626138,55.831,kvaser:Channel 0,STEER_TORQUE_SENSOR,0,tbd
1782295626159,55.852,kvaser:Channel 0,STEER_TORQUE_SENSOR,0,tbd
1782295626180,55.873,kvaser:Channel 0,STEER_TORQUE_SENSOR,0,tbd
1782295626207,55.900,kvaser:Channel 0,STEER_TORQUE_SENSOR,0,tbd
1782295626233,55.926,kvaser:Channel 0,STEER_TORQUE_SENSOR,0,tbd
1782295626255,55.948,kvaser:Channel 0,STEER_TORQUE_SENSOR,0,tbd
1782295626271,55.964,kvaser:Channel 0,STEER_TORQUE_SENSOR,0,tbd
1782295626297,55.990,kvaser:Channel 0,STEER_TORQUE_SENSOR,0,tbd
1782295626319,56.012,kvaser:Channel 0,STEER_TORQUE_SENSOR,0,tbd
1782295626340,56.033,kvaser:Channel 0,STEER_TORQUE_SENSOR,0,tbd
1782295626361,56.054,kvaser:Channel 0,STEER_TORQUE_SENSOR,0,tbd
1782295626382,56.075,kvaser:Channel 0,STEER_TORQUE_SENSOR,0,tbd
1782295626408,56.101,kvaser:Channel 0,STEER_TORQUE_SENSOR,0,tbd
1782295626435,56.128,kvaser:Channel 0,STEER_TORQUE_SENSOR,0,tbd
1782295626456,56.149,kvaser:Channel 0,STEER_TORQUE_SENSOR,0,tbd
1782295626477,56.170,kvaser:Channel 0,STEER_TORQUE_SENSOR,0,tbd
1782295626503,56.196,kvaser:Channel 0,STEER_TORQUE_SENSOR,0,tbd
1782295626519,56.212,kvaser:Channel 0,STEER_TORQUE_SENSOR,0,tbd
1782295626540,56.233,kvaser:Channel 0,STEER_TORQUE_SENSOR,0,tbd
1782295626567,56.260,kvaser:Channel 0,STEER_TORQUE_SENSOR,0,tbd
1782295626593,56.286,kvaser:Channel 0,STEER_TORQUE_SENSOR,0,tbd
1782295626614,56.307,kvaser:Channel 0,STEER_TORQUE_SENSOR,0,tbd
1782295626630,56.323,kvaser:Channel 0,STEER_TORQUE_SENSOR,0,tbd
1782295626656,56.349,kvaser:Channel 0,STEER_TORQUE_SENSOR,0,tbd
1782295626678,56.371,kvaser:Channel 0,STEER_TORQUE_SENSOR,0,tbd
1782295626699,56.392,kvaser:Channel 0,STEER_TORQUE_SENSOR,0,tbd
1782295626720,56.413,kvaser:Channel 0,STEER_TORQUE_SENSOR,0,tbd
1782295626747,56.440,kvaser:Channel 0,STEER_TORQUE_SENSOR,0,tbd
1782295626773,56.466,kvaser:Channel 0,STEER_TORQUE_SENSOR,0,tbd
1782295626795,56.488,kvaser:Channel 0,STEER_TORQUE_SENSOR,0,tbd
1782295626821,56.514,kvaser:Channel 0,STEER_TORQUE_SENSOR,0,tbd
1782295626842,56.535,kvaser:Channel 0,STEER_TORQUE_SENSOR,0,tbd
1782295626863,56.556,kvaser:Channel 0,STEER_TORQUE_SENSOR,0,tbd
1782295626884,56.577,kvaser:Channel 0,STEER_TORQUE_SENSOR,0,tbd
1782295626905,56.598,kvaser:Channel 0,STEER_TORQUE_SENSOR,0,tbd
1782295626926,56.619,kvaser:Channel 0,STEER_TORQUE_SENSOR,0,tbd
1782295626953,56.646,kvaser:Channel 0,STEER_TORQUE_SENSOR,0,tbd
1782295626974,56.667,kvaser:Channel 0,STEER_TORQUE_SENSOR,0,tbd
1782295626996,56.689,kvaser:Channel 0,STEER_TORQUE_SENSOR,0,tbd
1782295627022,56.715,kvaser:Channel 0,STEER_TORQUE_SENSOR,0,tbd
1782295627049,56.742,kvaser:Channel 0,STEER_TORQUE_SENSOR,0,tbd
1782295627065,56.758,kvaser:Channel 0,STEER_TORQUE_SENSOR,0,tbd
1782295627086,56.779,kvaser:Channel 0,STEER_TORQUE_SENSOR,0,tbd
1782295627107,56.800,kvaser:Channel 0,STEER_TORQUE_SENSOR,0,tbd
1782295627133,56.826,kvaser:Channel 0,STEER_TORQUE_SENSOR,0,tbd
1782295627160,56.853,kvaser:Channel 0,STEER_TORQUE_SENSOR,0,tbd
1782295627181,56.874,kvaser:Channel 0,STEER_TORQUE_SENSOR,0,tbd
1782295627202,56.895,kvaser:Channel 0,STEER_TORQUE_SENSOR,0,tbd
1782295627228,56.921,kvaser:Channel 0,STEER_TORQUE_SENSOR,0,tbd
1782295627249,56.942,kvaser:Channel 0,STEER_TORQUE_SENSOR,0,tbd
1782295627275,56.968,kvaser:Channel 0,STEER_TORQUE_SENSOR,0,tbd
1782295627297,56.990,kvaser:Channel 0,STEER_TORQUE_SENSOR,0,tbd
1782295627323,57.016,kvaser:Channel 0,STEER_TORQUE_SENSOR,0,tbd
1782295627349,57.042,kvaser:Channel 0,STEER_TORQUE_SENSOR,0,tbd
1782295627375,57.068,kvaser:Channel 0,STEER_TORQUE_SENSOR,0,tbd
1782295627391,57.084,kvaser:Channel 0,STEER_TORQUE_SENSOR,0,tbd
1782295627417,57.110,kvaser:Channel 0,STEER_TORQUE_SENSOR,0,tbd
1782295627438,57.131,kvaser:Channel 0,STEER_TORQUE_SENSOR,0,tbd
1782295627460,57.153,kvaser:Channel 0,STEER_TORQUE_SENSOR,0,tbd
1782295627476,57.169,kvaser:Channel 0,STEER_TORQUE_SENSOR,0,tbd
1782295627503,57.196,kvaser:Channel 0,STEER_TORQUE_SENSOR,0,tbd
1782295627525,57.218,kvaser:Channel 0,STEER_TORQUE_SENSOR,0,tbd
1782295627552,57.245,kvaser:Channel 0,STEER_TORQUE_SENSOR,0,tbd
1782295627572,57.265,kvaser:Channel 0,STEER_TORQUE_SENSOR,0,tbd
1782295627598,57.291,kvaser:Channel 0,STEER_TORQUE_SENSOR,0,tbd
1782295627620,57.313,kvaser:Channel 0,STEER_TORQUE_SENSOR,0,tbd
1782295627646,57.339,kvaser:Channel 0,STEER_TORQUE_SENSOR,0,tbd
1782295627672,57.365,kvaser:Channel 0,STEER_TORQUE_SENSOR,0,tbd
1782295627698,57.391,kvaser:Channel 0,STEER_TORQUE_SENSOR,0,tbd
1782295627725,57.418,kvaser:Channel 0,STEER_TORQUE_SENSOR,0,tbd
1782295627746,57.439,kvaser:Channel 0,STEER_TORQUE_SENSOR,0,tbd
1782295627773,57.466,kvaser:Channel 0,STEER_TORQUE_SENSOR,0,tbd
1782295627800,57.493,kvaser:Channel 0,STEER_TORQUE_SENSOR,0,tbd
1782295627822,57.515,kvaser:Channel 0,STEER_TORQUE_SENSOR,0,tbd
1782295627843,57.536,kvaser:Channel 0,STEER_TORQUE_SENSOR,0,tbd
1782295627864,57.557,kvaser:Channel 0,STEER_TORQUE_SENSOR,0,tbd
1782295627885,57.578,kvaser:Channel 0,STEER_TORQUE_SENSOR,0,tbd
1782295627906,57.599,kvaser:Channel 0,STEER_TORQUE_SENSOR,0,tbd
1782295627933,57.626,kvaser:Channel 0,STEER_TORQUE_SENSOR,0,tbd
1782295627954,57.647,kvaser:Channel 0,STEER_TORQUE_SENSOR,0,tbd
1782295627976,57.669,kvaser:Channel 0,STEER_TORQUE_SENSOR,0,tbd
1782295627997,57.690,kvaser:Channel 0,STEER_TORQUE_SENSOR,0,tbd
1782295628023,57.716,kvaser:Channel 0,STEER_TORQUE_SENSOR,0,tbd
1782295628044,57.737,kvaser:Channel 0,STEER_TORQUE_SENSOR,0,tbd
1782295628065,57.758,kvaser:Channel 0,STEER_TORQUE_SENSOR,0,tbd
1782295628081,57.774,kvaser:Channel 0,STEER_TORQUE_SENSOR,0,tbd
1782295628107,57.800,kvaser:Channel 0,STEER_TORQUE_SENSOR,0,tbd
1782295628127,57.820,kvaser:Channel 0,STEER_TORQUE_SENSOR,0,tbd
1782295628154,57.847,kvaser:Channel 0,STEER_TORQUE_SENSOR,0,tbd
1782295628175,57.868,kvaser:Channel 0,STEER_TORQUE_SENSOR,0,tbd
1782295628196,57.889,kvaser:Channel 0,STEER_TORQUE_SENSOR,0,tbd
1782295628218,57.911,kvaser:Channel 0,STEER_TORQUE_SENSOR,0,tbd
1782295628244,57.937,kvaser:Channel 0,STEER_TORQUE_SENSOR,0,tbd
1782295628265,57.958,kvaser:Channel 0,STEER_TORQUE_SENSOR,0,tbd
1782295628287,57.980,kvaser:Channel 0,STEER_TORQUE_SENSOR,0,tbd
1782295628308,58.001,kvaser:Channel 0,STEER_TORQUE_SENSOR,0,tbd
1782295628330,58.023,kvaser:Channel 0,STEER_TORQUE_SENSOR,0,tbd
1782295628351,58.044,kvaser:Channel 0,STEER_TORQUE_SENSOR,0,tbd
1782295628377,58.070,kvaser:Channel 0,STEER_TORQUE_SENSOR,0,tbd
1782295628399,58.092,kvaser:Channel 0,STEER_TORQUE_SENSOR,0,tbd
1782295628415,58.108,kvaser:Channel 0,STEER_TORQUE_SENSOR,0,tbd
1782295628441,58.134,kvaser:Channel 0,STEER_TORQUE_SENSOR,0,tbd
1782295628462,58.155,kvaser:Channel 0,STEER_TORQUE_SENSOR,0,tbd
1782295628483,58.176,kvaser:Channel 0,STEER_TORQUE_SENSOR,0,tbd
1782295628505,58.198,kvaser:Channel 0,STEER_TORQUE_SENSOR,0,tbd
1782295628527,58.220,kvaser:Channel 0,STEER_TORQUE_SENSOR,0,tbd
1782295628553,58.246,kvaser:Channel 0,STEER_TORQUE_SENSOR,0,tbd
1782295628574,58.267,kvaser:Channel 0,STEER_TORQUE_SENSOR,0,tbd
1782295628601,58.294,kvaser:Channel 0,STEER_TORQUE_SENSOR,0,tbd
1782295628622,58.315,kvaser:Channel 0,STEER_TORQUE_SENSOR,0,tbd
1782295628648,58.341,kvaser:Channel 0,STEER_TORQUE_SENSOR,0,tbd
1782295628669,58.362,kvaser:Channel 0,STEER_TORQUE_SENSOR,0,tbd
1782295628691,58.384,kvaser:Channel 0,STEER_TORQUE_SENSOR,0,tbd
1782295628712,58.405,kvaser:Channel 0,STEER_TORQUE_SENSOR,0,tbd
1782295628738,58.431,kvaser:Channel 0,STEER_TORQUE_SENSOR,0,tbd
1782295628760,58.453,kvaser:Channel 0,STEER_TORQUE_SENSOR,0,tbd
1782295628776,58.469,kvaser:Channel 0,STEER_TORQUE_SENSOR,0,tbd
1782295628802,58.495,kvaser:Channel 0,STEER_TORQUE_SENSOR,0,tbd
1782295628824,58.517,kvaser:Channel 0,STEER_TORQUE_SENSOR,0,tbd
1782295628846,58.539,kvaser:Channel 0,STEER_TORQUE_SENSOR,0,tbd
1782295628872,58.565,kvaser:Channel 0,STEER_TORQUE_SENSOR,0,tbd
1782295628898,58.591,kvaser:Channel 0,STEER_TORQUE_SENSOR,0,tbd
1782295628920,58.613,kvaser:Channel 0,STEER_TORQUE_SENSOR,0,tbd
1782295628941,58.634,kvaser:Channel 0,STEER_TORQUE_SENSOR,0,tbd
1782295628968,58.661,kvaser:Channel 0,STEER_TORQUE_SENSOR,0,tbd
1782295628994,58.687,kvaser:Channel 0,STEER_TORQUE_SENSOR,0,tbd
1782295629011,58.704,kvaser:Channel 0,STEER_TORQUE_SENSOR,0,tbd
1782295629031,58.724,kvaser:Channel 0,STEER_TORQUE_SENSOR,0,tbd
1782295629058,58.751,kvaser:Channel 0,STEER_TORQUE_SENSOR,0,tbd
1782295629079,58.772,kvaser:Channel 0,STEER_TORQUE_SENSOR,0,tbd
1782295629101,58.794,kvaser:Channel 0,STEER_TORQUE_SENSOR,0,tbd
1782295629123,58.816,kvaser:Channel 0,STEER_TORQUE_SENSOR,0,tbd